{"count": 8, "poses_seq": {"0": {"h": [[-0.0, -0.043035099029541016, -0.0636104907989502, 0.2668816738128662], [0.0, 0.8265, 0.5941186065673828, 0.5841617889404297], [0.0, -0.1972559814453126, -0.3069525146484376, -0.38665234375000007]], "r": [-1.9776456204848951, 3.6712484094736326, 0.18275558981431678, 1.8183646021549689, 2.702411467593165, 0.9250879465547289, -0.4260333377224853]}, "1": {"h": [[-0.0, -0.05035457038879394, -0.06283724403381348, 0.1821941738128662], [0.0, 0.8265, 0.6542965850830078, 0.8436396484375], [0.0, -0.1540104980468749, -0.3325777587890624, -0.41930773925781245]], "r": [-1.6798247575553777, 3.3155919326697307, 0.2517818649687022, 2.131089578192439, 2.400863715470678, 0.9371718465801705, 2.6687163751955247]}, "2": {"h": [[-0.0, -0.06248530673980713, -0.09728818607330322, 0.05261116695404052], [0.0, 0.8265, 0.6742968444824219, 0.9077205505371093], [0.0, -0.14978967285156247, -0.34419189453124993, -0.47472155761718754]], "r": [-1.4004979284982633, 3.1608889145933308, 0.4851231553206811, 1.8633947914006026, 2.0205458408051924, 1.1906442864458566, 4.548178614522181]}, "3": {"h": [[-0.0, -0.07792428398132324, -0.10910271263122559, -0.06169318962097168], [0.0, 0.8265, 0.6491230316162109, 0.9212581787109375], [0.0, -0.18708251953125005, -0.34409338378906257, -0.4891964111328125]], "r": [-1.070667443381554, 3.2556275694913253, 0.4367167212360354, 1.8785550735533059, 1.8474909884769406, 1.0771012376875404, -0.016888620593932063]}, "4": {"h": [[-0.0, -0.07300723361968994, -0.1314290246963501, -0.15129376316070556], [0.0, 0.8265, 0.6456286773681641, 0.9058899841308594], [0.0, -0.17790283203124996, -0.33338806152343753, -0.5088360595703125]], "r": [-0.8965146995411293, 3.229867762700171, 0.4308340623543654, 1.5899139079862497, 1.6806391600087884, 1.2285354727713822, -2.789436905686962]}, "5": {"h": [[-0.0, -0.07225062465667724, -0.15365800380706787, -0.2512469930648804], [0.0, 0.8265, 0.644739471435547, 0.8612353515625001], [0.0, -0.17201550292968754, -0.3205826416015625, -0.5142005615234373]], "r": [-0.7904471430018625, 3.3860019486919675, 0.46405358405989927, 1.4609040307140273, 1.4682614916567416, 1.118793256357849, -2.697549433355078]}, "6": {"h": [[-0.0, -0.05393165683746338, -0.16571971225738527, -0.23917828464508056], [0.0, 0.8265, 0.5930597534179687, 0.6190471801757812], [0.0, -0.17697473144531256, -0.2104664306640625, -0.5040539550781249]], "r": [-0.6760082228631991, 3.7129175898452855, 0.30981894523570186, 1.2911220235506122, 1.7723773841154287, 0.9897339623606951, -4.820051222932936]}, "7": {"h": [[-0.0, -0.05620316982269287, -0.1333815565109253, -0.11950812053680421], [0.0, 0.8265, 0.5658238830566407, 0.5198001976013185], [0.0, -0.18363464355468745, -0.20270141601562514, -0.5307832031249999]], "r": [-0.786342746329193, 3.960733042870944, 0.16112626991007584, 1.1515382352743848, 1.880640623833947, 0.9818727607212835, 0.12774749384601944]}}, "id": 4}