{"count": 7, "poses_seq": {"0": {"h": [[-0.0, -0.07224485778808594, -0.1156087417602539, -0.19987789154052735], [0.0, 0.8265, 0.5574230651855469, 0.4295312881469726], [0.0, -0.1890081787109375, -0.36051184082031257, -0.6149921875]], "r": [1.1766364018255389, 1.9096757240925484, -2.1644801280144312, 2.0819231181771687, 0.3940092740651178, 5.1282254042829765, -0.6675249275687545]}, "1": {"h": [[-0.0, -0.067482421875, -0.02451995849609375, -0.009187057495117189], [0.0, 0.8265, 0.5869821472167969, 0.5525837249755859], [0.0, -0.18838684082031248, -0.396342529296875, -0.6791446533203125]], "r": [1.0005259994333426, 1.9791747928956738, -1.969081980141095, 2.4127267309095237, 0.2500553852998306, 5.330556595584537, 1.0867892742956144]}, "2": {"h": [[-0.0, -0.068293701171875, 0.026193435668945317, 0.13117793273925782], [0.0, 0.8265, 0.6437922973632813, 0.6608838806152344], [0.0, -0.1966756591796875, -0.4034029541015625, -0.6518380126953123]], "r": [0.8136980644725296, 2.0308876595983074, -1.9654231547649046, 2.5577686397230566, 0.49385392005400114, 5.3818708781730455, 0.16699588338537225]}, "3": {"h": [[-0.0, -0.06749932098388672, 0.05269085693359375, 0.23167750549316407], [0.0, 0.8265, 0.6667463989257812, 0.7310586395263672], [0.0, -0.20004406738281238, -0.40603979492187486, -0.6025367431640625]], "r": [0.6068229893839128, 2.339299585751476, -2.098160104591624, 2.5519425525260746, 0.2849391999440377, 5.3027935469264955, 2.3894565786593054]}, "4": {"h": [[-0.0, -0.07013191413879394, 0.11028054046630861, 0.3520172958374024], [0.0, 0.8265, 0.6990375061035157, 0.8121227722167969], [0.0, -0.20975695800781252, -0.38151000976562505, -0.4633997802734376]], "r": [0.48472852051266613, 2.2826937502253846, -2.0160575305593165, 2.8667696444271313, 0.44150296101796893, 5.639871312271623, 4.179791528276344]}, "5": {"h": [[-0.0, -0.07099840545654297, 0.13641604995727538, 0.3956440467834473], [0.0, 0.8265, 0.7011614074707031, 0.8044915161132813], [0.0, -0.21288513183593755, -0.3476983642578125, -0.34449938964843746]], "r": [0.16894043632199615, 2.4361379784771615, -1.9153338535873021, 2.613637291454613, 0.15860829626522646, 5.588558942566328, -4.261391801831892]}, "6": {"h": [[-0.0, -0.06966253566741944, 0.13692004013061523, 0.41008913803100583], [0.0, 0.8265, 0.6694565582275391, 0.7142160186767579], [0.0, -0.21314477539062487, -0.31625854492187494, -0.22181152343750005]], "r": [-0.0406100653264172, 2.312276832469995, -1.8042371919969682, 2.236029388405836, 0.16137643010415023, 5.666529454353563, 5.0631702090405515]}}, "id": 57}