{"count": 9, "poses_seq": {"0": {"h": [[-0.0, -0.06997315216064454, -0.2650433502197266, -0.21605926513671875], [0.0, 0.8265, 0.6018492889404297, 0.4875637283325196], [0.0, -0.19741979980468743, -0.27582165527343744, -0.5175103759765622]], "r": [5.531883530319645, 3.226389907256348, -3.7242313609824556, 4.938330294183978, 0.19634215092075172, 2.078517075110888, 3.7913788118620566]}, "1": {"h": [[-0.0, -0.07192792510986329, -0.30881457138061524, -0.33755892562866213], [0.0, 0.8265, 0.6352543640136719, 0.5590792236328126], [0.0, -0.1922675781249999, -0.2798127441406249, -0.5413685302734375]], "r": [-0.7635889153887152, 3.3138513221696932, 2.938994310457612, 4.688507358624647, -0.15890643043622363, 1.936462585707287, -0.2300810715718055]}, "2": {"h": [[-0.0, -0.07402655792236329, -0.30681105041503903, -0.40858921813964844], [0.0, 0.8265, 0.6841911315917969, 0.7125435638427735], [0.0, -0.19189453124999983, -0.3009173583984373, -0.5541175537109373]], "r": [-0.4041950176405383, 3.170232409593414, 2.615968980449183, 4.625779958952172, -0.08509507379183517, 2.1501921573452845, 0.7646482102236623]}, "3": {"h": [[-0.0, -0.07061558532714844, -0.24256207656860354, -0.2773152503967285], [0.0, 0.8265, 0.7251035766601562, 0.8834018554687499], [0.0, -0.19036718749999998, -0.37479406738281257, -0.5910943603515626]], "r": [-0.21217402746770375, 2.983540132281425, 2.314790547421896, 4.4874816122338945, -0.07742795744056391, 2.1649730385340944, 2.1533940246337684]}, "4": {"h": [[-0.0, -0.06480641174316407, -0.18448009490966796, -0.15184070587158202], [0.0, 0.8265, 0.7282517242431641, 0.9279500732421876], [0.0, -0.18807373046875014, -0.39887609863281265, -0.5840764160156251]], "r": [-0.48454758222180805, 2.9621271727164906, 2.567006993338801, 4.4020577807255785, -0.3718068927607633, 2.0023677739406196, -0.6116463430458885]}, "5": {"h": [[-0.0, -0.06546653938293456, -0.1405994644165039, -0.05155531311035156], [0.0, 0.8265, 0.7261990966796874, 0.9348562316894531], [0.0, -0.18432666015624993, -0.4070087890624999, -0.5621645507812498]], "r": [-0.44574019065936854, 2.7390434609410597, 2.5831841423618047, 4.60944446251587, -0.605951434998488, 2.171316578915333, -2.197530996591914]}, "6": {"h": [[-0.0, -0.07463020896911621, -0.08842655563354493, 0.06461553955078125], [0.0, 0.8265, 0.7128089447021484, 0.9093634948730469], [0.0, -0.18692004394531253, -0.41014038085937493, -0.5277248535156249]], "r": [-0.8242602086531025, 2.749705367011813, 2.818996111666017, 4.733301429780565, -0.8557025435827096, 2.1129994028253867, -5.299226570249086]}, "7": {"h": [[-0.0, -0.06496653938293456, -0.033464839935302734, 0.19413294601440428], [0.0, 0.8265, 0.6870717468261719, 0.8221754150390626], [0.0, -0.19352551269531265, -0.39761608886718763, -0.47829113769531256]], "r": [-0.6981120107572043, 2.6995518676389145, 2.5152645326303547, 4.658363736826026, -0.6731780379394693, 1.8762686239738682, 0.48541536884714587]}, "8": {"h": [[-0.0, -0.05323455047607422, -0.07928238677978516, 0.1621490783691406], [0.0, 0.8265, 0.584946533203125, 0.5366956367492676], [0.0, -0.19221838378906259, -0.3316623535156252, -0.4578074951171876]], "r": [-0.6256855495561473, 3.0654959216042807, 2.2798342488868375, 5.031478378644958, -0.6309182486099042, 1.9148258104850076, -1.7339013988196028]}}, "id": 22}