{"count": 8, "poses_seq": {"0": {"h": [[-0.0, -0.04195962142944336, -0.058321046829223636, 0.2729888095855713], [0.0, 0.8265, 0.6093666687011718, 0.6195217742919922], [0.0, -0.1930714111328125, -0.31210705566406244, -0.3797615966796875]], "r": [0.6428865869639515, 3.699705913434058, -2.741425988869135, 0.8264317171824938, -0.34015730812721034, 3.474783720794204, -3.049726500255743]}, "1": {"h": [[-0.0, -0.04992427158355713, -0.06253236484527587, 0.1733257360458374], [0.0, 0.8265, 0.6549284057617187, 0.8540037536621093], [0.0, -0.15565991210937496, -0.33420129394531256, -0.4197054443359374]], "r": [0.7722883461027479, 3.8339357196015786, -2.837142423438057, 1.0463956533968695, 0.04578431699295027, 3.4526390896078203, -2.293305218354057]}, "2": {"h": [[-0.0, -0.06083798980712891, -0.09568093490600585, 0.06667039871215821], [0.0, 0.8265, 0.6727178497314453, 0.8990354919433593], [0.0, -0.15001525878906247, -0.3434630126953125, -0.47000549316406254]], "r": [0.37916123041533645, 3.9077637163025982, -2.5127786720100667, 1.3644711008168666, 0.1852497006057735, 3.83340442770508, -5.1858178640700086]}, "3": {"h": [[-0.0, -0.07662890434265136, -0.1061793041229248, -0.04014575004577636], [0.0, 0.8265, 0.6598124237060546, 0.9329261169433594], [0.0, -0.18482299804687502, -0.3438238525390625, -0.49226318359374993]], "r": [0.18402018382882135, 4.251635490447194, -2.3482615358125813, 1.2121437590773043, -0.0041063154713403514, 3.4555060594132323, -1.4237578515650386]}, "4": {"h": [[-0.0, -0.07300723361968994, -0.1314290246963501, -0.15129376316070556], [0.0, 0.8265, 0.6456286773681641, 0.9058899841308594], [0.0, -0.17790283203124996, -0.33338806152343753, -0.5088360595703125]], "r": [0.4630915471669902, 4.112142937594902, -2.28351182353844, 1.296755407314513, -0.0010081857237313329, 3.6043134761545494, 0.12862707584789332]}, "5": {"h": [[-0.0, -0.07225062465667724, -0.15365800380706787, -0.2512469930648804], [0.0, 0.8265, 0.644739471435547, 0.8612353515625001], [0.0, -0.17201550292968754, -0.3205826416015625, -0.5142005615234373]], "r": [0.6472205694267464, 3.934253668006798, -2.2528413396809794, 1.4209258623832162, 0.22720779348204323, 3.8035245781320532, 1.7631696765508842]}, "6": {"h": [[-0.0, -0.05393165683746338, -0.16571971225738527, -0.23917828464508056], [0.0, 0.8265, 0.5930597534179687, 0.6190471801757812], [0.0, -0.17697473144531256, -0.2104664306640625, -0.5040539550781249]], "r": [0.7116074509719782, 3.707086810254613, -2.2006630900193622, 1.1920927137571664, 0.5363281315254799, 3.9108380348470546, 0.5264713385492443]}, "7": {"h": [[-0.0, -0.05620316982269287, -0.1333815565109253, -0.11950812053680421], [0.0, 0.8265, 0.5658238830566407, 0.5198001976013185], [0.0, -0.18363464355468745, -0.20270141601562514, -0.5307832031249999]], "r": [0.3668113178106962, 3.715123007783876, -1.888379611480429, 1.1428812961229247, 0.24029316592900943, 3.93375594753805, 0.3524922628012707]}}, "id": 5}