{"count": 14, "poses_seq": {"0": {"h": [[-0.0, -0.060309110641479494, -0.028592565536499026, 0.23689019584655763], [0.0, 0.8265, 0.6069429473876953, 0.6331805114746094], [0.0, -0.197129150390625, -0.350196533203125, -0.4242840576171874]], "r": [-0.06205783635624445, 1.7383910839538983, -1.4095712411806092, 1.5973444676844886, 0.4303262792806424, 4.638090960777775, 0.9527837157127358]}, "1": {"h": [[-0.0, -0.06257864952087402, 0.04166569328308105, 0.32346944999694827], [0.0, 0.8265, 0.6209439392089844, 0.6482159118652344], [0.0, -0.19344128417968737, -0.3411993408203125, -0.3205679931640624]], "r": [-0.1470099967095935, 1.5474775071497955, -1.0523523126097794, 1.6874351427791374, 0.1614492813060587, 4.809904645411605, -0.7732014809976313]}, "2": {"h": [[-0.0, -0.06402216339111327, -0.025450550079345702, 0.2566329231262207], [0.0, 0.8265, 0.594898681640625, 0.6128929138183594], [0.0, -0.18599902343750002, -0.32662939453125, -0.39499926757812515]], "r": [-0.09422638563469928, 1.4079609185634447, -1.299254643359727, 1.4372122767795468, 0.40026806644359986, 4.513453704461842, -1.2198062542261556]}, "3": {"h": [[-0.0, -0.06066571044921875, -0.07136647415161132, 0.15490960311889648], [0.0, 0.8265, 0.5707450103759766, 0.5596810913085937], [0.0, -0.18544006347656233, -0.31586511230468745, -0.48241333007812487]], "r": [-0.11900578575625181, 1.4956132417595753, -1.2550840611418987, 1.2508706673139176, 0.07432389149585975, 4.120004671514799, -2.8624446524923677]}, "4": {"h": [[-0.0, -0.06704294013977051, -0.09971732521057129, 0.0673026180267334], [0.0, 0.8265, 0.5626116638183594, 0.5325633068084716], [0.0, -0.18974572753906244, -0.3016817626953126, -0.5152952880859374]], "r": [-0.036616415758839366, 1.4709053729186659, -1.127994104810511, 1.08605979954679, -0.3125302196421512, 3.8772609313121618, -4.014305170810465]}, "5": {"h": [[-0.0, -0.0750506820678711, -0.14546330642700195, -0.06279828262329101], [0.0, 0.8265, 0.5459194335937501, 0.503718864440918], [0.0, -0.18776416015624992, -0.2630324707031249, -0.5205997314453124]], "r": [0.12193353981329749, 1.7422282676710386, -1.2387985999681377, 1.0497808361911463, -0.24042958713302737, 3.8197754603792577, 1.1589506300811039]}, "6": {"h": [[-0.0, -0.0753844223022461, -0.2038822937011719, -0.20058248901367187], [0.0, 0.8265, 0.5414813842773438, 0.4856483573913575], [0.0, -0.1896407470703126, -0.2528106689453125, -0.5210305175781249]], "r": [0.4426830868454126, 1.5828764192788858, -1.3469544732194247, 1.1051173980768556, -0.11420672395695988, 3.8347605502944213, -1.6122994367383563]}, "7": {"h": [[-0.0, -0.0758671875, -0.2716149139404297, -0.33746351623535153], [0.0, 0.8265, 0.593390853881836, 0.5591078300476074], [0.0, -0.18937597656249988, -0.2413927001953125, -0.5078800048828123]], "r": [0.81895199379441, 1.402044439370549, -1.1688782781765317, 1.2209762303857843, -0.20987615861973635, 3.847867905027152, 0.3555808138499121]}, "8": {"h": [[-0.0, -0.061323629379272465, -0.22273452377319336, -0.2688617515563965], [0.0, 0.8265, 0.6953641662597656, 0.8340247802734375], [0.0, -0.19677160644531272, -0.3563671875000001, -0.585084228515625]], "r": [0.9136904339481624, 1.6295850093947144, -0.8309212242403888, 1.5539992009024686, -0.23004511719491574, 3.871634931616735, 0.33751480841833464]}, "9": {"h": [[-0.0, -0.05694988250732422, -0.1549383659362793, -0.1247748146057129], [0.0, 0.8265, 0.7091679229736328, 0.9063091735839844], [0.0, -0.19764721679687486, -0.39978417968749996, -0.5869864501953124]], "r": [0.7342146054714179, 1.662910608303438, -0.699918962822379, 1.5856282979089553, -0.28130454979242736, 3.8803738466685296, 0.9910307006389897]}, "10": {"h": [[-0.0, -0.06214459133148193, -0.08250532913208009, 0.014786785125732428], [0.0, 0.8265, 0.7151372375488281, 0.9251082458496094], [0.0, -0.20305395507812501, -0.41186791992187494, -0.5597133789062501]], "r": [0.5474503046474488, 1.5637387497965396, -0.6390029513936778, 1.4463832180960208, -0.2185580128702109, 3.6642492874891306, 0.45526918802064403]}, "11": {"h": [[-0.0, -0.05750390625, -0.02189206314086914, 0.1338946647644043], [0.0, 0.8265, 0.6990746765136718, 0.8915834350585937], [0.0, -0.19995385742187494, -0.40717956542968753, -0.5264621582031248]], "r": [0.5920722691250382, 1.3693528823004735, -0.48859040529779385, 1.5505434769310957, -0.13226473907355885, 3.9485185223630337, 2.5814230049871694]}, "12": {"h": [[-0.0, -0.05690303230285645, 0.005734905242919919, 0.22520412063598633], [0.0, 0.8265, 0.6731615905761719, 0.8224179992675782], [0.0, -0.19838037109375, -0.3925587158203124, -0.4671297607421874]], "r": [0.7670427082363273, 1.1473224652662541, -0.28110278243928966, 1.587129689945334, 0.018959220953302318, 4.195343366639235, 3.5330830116550347]}, "13": {"h": [[-0.0, -0.047943679809570316, 0.026929481506347656, 0.2988723182678223], [0.0, 0.8265, 0.6253142852783202, 0.6865157470703125], [0.0, -0.19189306640624998, -0.3554019775390625, -0.3720664062499999]], "r": [0.8243471878180534, 0.9785984698087196, 0.0340321358961096, 1.6010172711601014, -0.10224947238441313, 4.5563343632616835, -0.8113410557004881]}}, "id": 28}