{"count": 26, "poses_seq": {"0": {"h": [[-0.0, -0.0609298400878906, -0.14795379638671874, 0.08680433654785158], [0.0, 0.8265, 0.7099610214233398, 0.7408202228546142], [0.0, -0.24577734375, -0.44242309570312505, -0.6234029541015627]], "r": [-4.046653616207799, 1.4094999677340845, 0.9296691517446383, 1.8531667655523536, -0.1460418816030645, 4.484760117717645, 1.4455893252811725]}, "1": {"h": [[-0.0, -0.0428770446777344, -0.13168820190429686, 0.14663778686523438], [0.0, 0.8265, 0.6995073547363282, 0.7638755187988282], [0.0, -0.22604382324218736, -0.42076110839843733, -0.4907208251953124]], "r": [2.421929540649136, 1.5766915975953257, 1.0458873580050068, 1.5045105767410043, -0.21744178371344047, 4.249253211075529, 1.157347236132565]}, "2": {"h": [[-0.0, -0.04382112121582031, -0.0940581512451172, 0.050455886840820315], [0.0, 0.8265, 0.748734130859375, 0.8973793334960938], [0.0, -0.1119976806640624, -0.3338740234375, -0.41004772949218743]], "r": [2.446971011668989, 1.6348233124959926, 0.744266058299394, 1.5340178917496803, -0.2964391872249168, 4.0417339644234955, 1.23201097521707]}, "3": {"h": [[-0.0, -0.05158754730224609, -0.11542130279541014, 0.045863319396972656], [0.0, 0.8265, 0.7953465843200684, 0.989180892944336], [0.0, -0.14462292480468758, -0.3333087158203126, -0.36268395996093755]], "r": [2.185336777767739, 1.7400121920172502, 0.6054519951603065, 1.783946501482419, -0.3558500269799842, 4.263239010311141, -1.1471548509384089]}, "4": {"h": [[-0.0, -0.05795167541503907, -0.12628057861328126, -0.010402076721191408], [0.0, 0.8265, 0.773770751953125, 1.0312923278808594], [0.0, -0.1291943359374999, -0.33797680664062485, -0.4621323242187499]], "r": [2.07852831413327, 1.6993596176331904, 0.38144171527476434, 2.0348706379489405, -0.016639331895012988, 4.466462546867987, -0.8378490892791356]}, "5": {"h": [[-0.0, -0.05419660949707031, -0.15415692138671877, -0.08393112182617188], [0.0, 0.8265, 0.744841682434082, 1.0204266815185548], [0.0, -0.12085070800781234, -0.30328149414062505, -0.45161535644531253]], "r": [2.1276327572344482, 1.6829571742827516, 0.3554780715363257, 2.083570887174231, -0.0856795054374826, 4.573997281061216, -3.183763711485145]}, "6": {"h": [[-0.0, -0.054413558959960945, -0.1682583923339844, -0.1567242431640625], [0.0, 0.8265, 0.7427834777832031, 1.028716339111328], [0.0, -0.12551892089843736, -0.30658947753906257, -0.45857287597656243]], "r": [2.0741158235581274, 1.527221013369022, 0.2389254312636011, 1.9035441591129696, -0.17563699112894335, 4.320769626180682, 2.6089842406307224]}, "7": {"h": [[-0.0, -0.04842124938964844, -0.18332116699218748, -0.22800546264648436], [0.0, 0.8265, 0.7532023620605468, 1.0200868835449217], [0.0, -0.12312609863281249, -0.29782104492187483, -0.4546273193359374]], "r": [2.0812848654590677, 1.552092710435403, 0.322873581935887, 1.972646206136364, -0.4889866877515746, 4.439513009560435, 4.749055662401713]}, "8": {"h": [[-0.0, -0.03868099975585937, -0.20975965881347655, -0.3256255340576172], [0.0, 0.8265, 0.7533949203491211, 0.9827728576660156], [0.0, -0.13691503906249985, -0.28853820800781255, -0.45504321289062505]], "r": [1.8793940102811926, 1.4678862358917144, 0.07498450784037719, 1.841345604439679, -0.6464872910263447, 4.316687148596204, 0.42331072823094473]}, "9": {"h": [[-0.0, -0.034941635131835944, -0.20828631591796876, -0.3924222412109375], [0.0, 0.8265, 0.6826175537109376, 0.7230575256347657], [0.0, -0.15924218750000013, -0.2546922607421876, -0.4842135009765625]], "r": [1.558864926258596, 1.3328045650259857, -0.14731931923133176, 1.5574383430279943, -1.039130983534466, 4.542445230430082, 1.403880567536149]}, "10": {"h": [[-0.0, -0.035440750122070305, -0.1620277557373047, -0.28160115051269535], [0.0, 0.8265, 0.6371095886230469, 0.5556095275878906], [0.0, -0.15396923828125014, -0.23386096191406242, -0.5113297119140625]], "r": [1.489300422628707, 1.0867786928139853, -0.16065867107059875, 1.688011868986361, -0.7282250245191928, 4.840587707458745, 2.6303947117700637]}, "11": {"h": [[-0.0, -0.04590095520019531, -0.11210794067382814, -0.12315789794921876], [0.0, 0.8265, 0.5695907287597657, 0.4336634521484375], [0.0, -0.13355847167968743, -0.33716967773437495, -0.6011977539062499]], "r": [1.1795832000305613, 1.110712212372444, -0.0924166564828208, 1.5589366173528834, -1.077217954181976, 5.200496398102264, 5.593345982253757]}, "12": {"h": [[-0.0, -0.048295593261718756, -0.09484521484375, -0.062469833374023453], [0.0, 0.8265, 0.5730992431640625, 0.4299827117919922], [0.0, -0.12688171386718788, -0.3341192626953127, -0.5922565917968752]], "r": [1.1464745801442207, 1.4463589987582974, -0.2122792699694947, 1.1633441703469667, -1.4311647050077756, 5.539151601959316, -3.5297588474950468]}, "13": {"h": [[-0.0, -0.05262040710449217, -0.04725724792480468, 0.08672499084472657], [0.0, 0.8265, 0.5871519622802734, 0.4595389556884765], [0.0, -0.1350428466796874, -0.3511055908203125, -0.5776802978515625]], "r": [0.9971316414904354, 1.355936510945542, 0.1390344854483529, 1.0063243499473657, -1.5154852955845637, 5.5851764980911565, 2.736580159458624]}, "14": {"h": [[-0.0, -0.05400019836425782, -0.04499304199218751, 0.10661882019042969], [0.0, 0.8265, 0.5877440948486328, 0.4628870239257813], [0.0, -0.1297038574218748, -0.3472858886718749, -0.5635439453124997]], "r": [1.1023243359877115, 1.2394028564775146, 0.5337438931399894, 1.016568544774541, -1.4673395158239715, 5.611987013037687, 0.23314714463468555]}, "15": {"h": [[-0.0, -0.05473289489746093, -0.037588516235351574, 0.13089933776855467], [0.0, 0.8265, 0.5883310241699219, 0.4724752960205078], [0.0, -0.12574597167968743, -0.34984423828124994, -0.558638427734375]], "r": [1.081549504587981, 1.156777923628584, 0.6238858090051395, 1.1155154736088855, -1.3874037503404348, 5.504687715517846, 1.0032211523116175]}, "16": {"h": [[-0.0, -0.05210352325439452, 0.004069953918457034, 0.23332036590576172], [0.0, 0.8265, 0.6150359802246094, 0.5349184722900391], [0.0, -0.13273132324218767, -0.35607092285156244, -0.5153984375]], "r": [1.0926192126128402, 1.1394533814062051, 0.991017929923677, 1.0722604742982245, -1.422143974313496, 5.384538706887626, -1.8281313372527934]}, "17": {"h": [[-0.0, -0.051357368469238274, 0.040754615783691404, 0.3075532302856445], [0.0, 0.8265, 0.6663425750732422, 0.6492659606933594], [0.0, -0.12823229980468748, -0.35983605957031256, -0.4627464599609375]], "r": [1.2765800495633868, 1.2000988317383328, 1.2760292566845, 1.2365319078701476, -1.3259132396028113, 5.0640944919419715, -1.974876790841038]}, "18": {"h": [[-0.0, -0.06786079406738282, 0.043534515380859375, 0.28937481689453126], [0.0, 0.8265, 0.8040675010681152, 0.9274718780517578], [0.0, -0.14965771484374996, -0.38758300781250005, -0.4538784179687501]], "r": [1.511757438334416, 1.5841433745938913, 1.1691325011441498, 1.4113035268540817, -1.493781191241104, 4.663353509346068, -0.3174785154079983]}, "19": {"h": [[-0.0, -0.03658723831176757, -0.02616914749145508, 0.14647175216674804], [0.0, 0.8265, 0.833002010345459, 1.0177237091064453], [0.0, -0.13324694824218747, -0.39172033691406255, -0.4864102783203124]], "r": [1.3340206841771618, 1.8459410204970645, 0.9154911621910373, 1.6785131607666224, -1.7379328368189886, 5.028158657020265, 1.0151437699209436]}, "20": {"h": [[-0.0, -0.011563552856445308, -0.051237136840820305, 0.04607660675048828], [0.0, 0.8265, 0.9260373306274414, 1.140356735229492], [0.0, -0.14431665039062486, -0.4094775390625001, -0.5227426757812501]], "r": [1.4306777785456672, 1.9600590914285068, 0.808913847200277, 1.9836348649676128, -1.7006410899471534, 4.888846285868897, 1.2171067288169928]}, "21": {"h": [[-0.0, -0.06245385742187501, -0.1351539764404297, -0.08449926757812501], [0.0, 0.8265, 0.8950051956176758, 1.119480712890625], [0.0, -0.13335864257812508, -0.40438085937500007, -0.5262542724609376]], "r": [1.2970254740204958, 2.1630065187967182, 0.43635395424894036, 2.097523324234187, -1.8494519034881127, 5.101520022713051, 4.096068852756528]},