{"count": 50, "poses_seq": {"0": {"h": [[-0.0, -0.04752398681640624, -0.02654586791992186, 0.16094686889648438], [0.0, 0.8265, 0.6012521972656251, 0.66293115234375], [0.0, -0.13987133789062495, -0.33502270507812476, -0.49647192382812483]], "r": [0.7482057390436264, 2.465434976526863, -1.158316469453807, 0.8071629526423614, 1.3572286185827749, 0.7781320818511647, -1.7883715585375943]}, "1": {"h": [[-0.0, -0.06986880493164063, -0.10047230529785156, 0.01054869079589843], [0.0, 0.8265, 0.646807601928711, 0.8174757843017578], [0.0, -0.15270349121093735, -0.3474168701171874, -0.5043395996093749]], "r": [0.9166106339062942, 2.799896482938849, -1.430106338561722, 0.9000211414635171, 1.0612564466535797, 0.9590882166028551, -1.7468574867433213]}, "2": {"h": [[-0.0, -0.07409435272216798, -0.14052739715576174, -0.08737306976318358], [0.0, 0.8265, 0.6418595733642578, 0.821650131225586], [0.0, -0.1434409179687502, -0.34450268554687496, -0.518139404296875]], "r": [1.0286329557293548, 2.942728932576942, -1.4294363429661159, 1.1146389160100127, 1.3636269983653082, 1.1849891998631388, -4.686966065319536]}, "3": {"h": [[-0.0, -0.06124137115478516, -0.1697077102661133, -0.16768726348876956], [0.0, 0.8265, 0.6218995513916016, 0.710695457458496], [0.0, -0.1369074707031251, -0.31210156250000015, -0.5506477050781251]], "r": [1.3470060570592113, 2.6943900742412037, -1.5388297781686269, 0.9024708734072278, 1.199104657836913, 1.073480969332928, 4.087079644638455]}, "4": {"h": [[-0.0, -0.05132641601562499, -0.0927522277832031, -0.037677062988281246], [0.0, 0.8265, 0.559388931274414, 0.5420108489990234], [0.0, -0.14234619140624966, -0.30641845703124987, -0.5620894775390624]], "r": [1.5130492631892758, 2.53454814820199, -1.8896725543931252, 0.8499764325978627, 1.5426495353932148, 0.9936641990915425, -5.066151263781789]}, "5": {"h": [[-0.0, -0.05318304443359374, -0.06476126098632813, 0.05826992797851563], [0.0, 0.8265, 0.563890899658203, 0.5229234619140625], [0.0, -0.14856225585937494, -0.331679931640625, -0.5681513671875]], "r": [1.297629240401523, 2.4623407241670847, -1.8120289515607422, 1.07988174214257, 1.7091601341976286, 0.955094624911446, -0.1638351989035046]}, "6": {"h": [[-0.0, -0.05820529174804688, -0.01641213989257813, 0.17633172607421874], [0.0, 0.8265, 0.6024756927490235, 0.5585260772705078], [0.0, -0.1439991455078123, -0.3653939208984374, -0.5771414794921874]], "r": [1.300312687793646, 2.294307645373027, -2.1324993323628063, 1.4154326588849173, 1.6870493866111433, 0.6424723688832497, -1.3893287786465158]}, "7": {"h": [[-0.0, -0.061405487060546875, 0.007449340820312504, 0.11805380249023437], [0.0, 0.8265, 0.6909827728271485, 0.6678654174804688], [0.0, -0.18496008300781225, -0.4658979492187499, -0.7141904296874999]], "r": [1.4710840230470739, 2.4139552837823293, -2.2607878895300035, 1.7682081741069962, 1.4619646027754112, 0.8713857631829209, -1.2425871310145795]}, "8": {"h": [[-0.0, -0.061697204589843756, -0.05550321197509766, -0.017555679321289062], [0.0, 0.8265, 0.7087375259399414, 0.6909488067626953], [0.0, -0.18304602050781266, -0.4899152832031251, -0.7533594970703126]], "r": [1.7888005818391062, 2.437353255341398, -2.528605486219071, 2.0481228011567243, 1.6297732930669278, 0.9825800536643318, -1.4179887842274281]}, "9": {"h": [[-0.0, -0.05710278320312501, -0.1813988037109375, -0.08273329162597656], [0.0, 0.8265, 0.6159501342773437, 0.6159187469482421], [0.0, -0.16680664062499978, -0.31859582519531254, -0.5534990234374999]], "r": [1.9498905087009695, 2.395899747286804, -2.6093250122881066, 1.6841707419841205, 1.825997779401102, 0.6503721302577148, 1.446006577021206]}, "10": {"h": [[-0.0, -0.05062981414794922, -0.13905670928955077, 0.03654790496826173], [0.0, 0.8265, 0.6246961517333984, 0.6145000915527344], [0.0, -0.16406591796874964, -0.33616870117187486, -0.5190249023437497]], "r": [1.7515918219483082, 2.4411492818069025, -2.6068317930150253, 1.5373648380656812, 1.8799333792698205, 0.6552630997329825, -0.8512133197268614]}, "11": {"h": [[-0.0, -0.05174349212646484, -0.029199653625488292, 0.19418152618408202], [0.0, 0.8265, 0.6353977508544922, 0.6508572387695313], [0.0, -0.16864770507812504, -0.39636901855468737, -0.5249031982421872]], "r": [1.5577008777207764, 2.436061831081333, -2.7644414114659113, 1.277395618668743, 1.5678803205696277, 0.7000528040444233, -2.3690095161445566]}, "12": {"h": [[-0.0, -0.05040393066406249, 0.029444763183593754, 0.21621984863281252], [0.0, 0.8265, 0.7156227569580078, 0.7288114471435547], [0.0, -0.19278063964843756, -0.47223974609375, -0.6601541748046875]], "r": [1.486291515514476, 2.5369925278119716, -2.5971854748089207, 1.5732023993811262, 1.3822449129919565, 0.9673156167486402, -0.2821185945506819]}, "13": {"h": [[-0.0, -0.05257605743408203, 0.02053630828857422, 0.11655035400390625], [0.0, 0.8265, 0.7606084213256836, 0.770745704650879], [0.0, -0.19398937988281234, -0.5200600585937498, -0.7619954833984375]], "r": [1.5568231932645988, 2.56205441289681, -2.4553657888493805, 1.744073371941824, 1.3721242703577994, 1.118452742338663, -1.8814267642217637]}, "14": {"h": [[-0.0, -0.05529391479492188, -0.07012600708007813, -0.047148162841796876], [0.0, 0.8265, 0.7711854019165039, 0.7768471221923828], [0.0, -0.19804382324218756, -0.5405510253906249, -0.7977585449218749]], "r": [1.471586492902181, 2.672972463146827, -2.1087177617177693, 1.6458956187884617, 1.4396063830177848, 1.3861676290666258, -3.376461148386758]}, "15": {"h": [[-0.0, -0.056107681274414054, -0.21284988403320315, -0.11144221496582031], [0.0, 0.8265, 0.6606338195800782, 0.6784235229492188], [0.0, -0.17780676269531243, -0.32622912597656245, -0.5686785888671873]], "r": [1.5708232481480124, 2.8337511374468596, -2.011555761434629, 1.3386861110209503, 1.7233797833325977, 1.242735249108234, 1.152537711310652]}, "16": {"h": [[-0.0, -0.0535535888671875, -0.18695091247558593, -0.020247360229492195], [0.0, 0.8265, 0.6542467041015625, 0.6689746704101562], [0.0, -0.17809753417968716, -0.34222192382812483, -0.5339924316406248]], "r": [1.2329354450878207, 2.727271152876672, -1.6236701914562122, 0.9956400888274578, 1.4929866445940392, 1.0254164183398453, 0.1601924567834885]}, "17": {"h": [[-0.0, -0.04425989532470703, -0.08863312530517578, 0.13596273040771484], [0.0, 0.8265, 0.6507738800048828, 0.6764477996826171], [0.0, -0.17348266601562506, -0.3816268310546876, -0.5072596435546874]], "r": [1.0504955078136324, 2.5860128681131687, -1.6347978334696596, 1.3139073103069732, 1.6439763889779417, 0.7545219565644802, -0.7299261081315317]}, "18": {"h": [[-0.0, -0.05525758361816406, 0.005793151855468748, 0.1792958679199219], [0.0, 0.8265, 0.7744298706054688, 0.8146093788146973], [0.0, -0.20148620605468742, -0.4853785400390625, -0.6725394287109374]], "r": [1.0850813198272622, 2.6582698523709674, -1.8723221833557522, 1.6068707039820507, 1.2963328754655152, 1.102689224585748, 1.0350380800964478]}, "19": {"h": [[-0.0, -0.05726861572265625, -0.014219406127929685, 0.08232732391357422], [0.0, 0.8265, 0.7998117561340332, 0.8280555877685547], [0.0, -0.19753881835937498, -0.5090465087890623, -0.745998779296875]], "r": [1.3520384392465168, 2.4894492196229843, -2.0138377217834407, 1.6350980055443143, 0.9262989581064888, 0.9523315100241921, -0.8049692480290067]}, "20": {"h": [[-0.0, -0.06172608947753906, -0.0895555648803711, -0.06896867370605468], [0.0, 0.8265, 0.7963736648559571, 0.8075129947662354], [0.0, -0.1882724609375, -0.5258640136718751, -0.7830504150390625]], "r": [1.4273123995055483, 2.595449124324993, -1.8778177814556425, 1.7164469621506588, 1.3141631764674226, 1.2211553419856818, 2.1082913634896756]}, "21": {"h": [[-0.0, -0.05560784149169922, -0.20109235382080076, -0.25002433013916014], [0.0, 0.8265, 0.7564760665893555, 0.7492816009521484], [0.0, -0.18330712890625006, -0.48392919921875005, -0.760314697265625]], "r": [1.5409636140290808, 2.4495683197908535, -1.5485523593981891, 1.9210627118580217, 1.4817507991657688, 1.119559209680538, 1.4339999827492569]},