{"count": 7, "poses_seq": {"0": {"h": [[-0.0, -0.04684684371948242, -0.13769545364379882, 0.11227463912963867], [0.0, 0.8265, 0.6798756103515625, 0.7211639862060547], [0.0, -0.22091455078125005, -0.3911629638671877, -0.5393027343750001]], "r": [1.880155442841555, 1.2172210080358825, 0.05558700958137011, 1.6045598308391673, 0.7756822392036736, 4.596978602401413, -2.350765476360331]}, "1": {"h": [[-0.0, -0.05262624454498291, -0.14335369205474852, 0.02661043453216553], [0.0, 0.8265, 0.7120228576660156, 0.9163365783691406], [0.0, -0.17835070800781244, -0.3789643554687499, -0.5310747070312498]], "r": [1.7064926007253371, 1.35688230588982, -0.2369190663571067, 1.6848624282605928, 0.7996954605362492, 4.400610605821899, -3.420280258433527]}, "2": {"h": [[-0.0, -0.056601469516754155, -0.15952407312393188, -0.057669634342193604], [0.0, 0.8265, 0.6770595245361328, 0.9243042297363282], [0.0, -0.1859252929687501, -0.3436948242187499, -0.5277620849609375]], "r": [2.077186998701117, 1.6085640330384738, -0.25804731038255163, 1.740347710058725, 1.1507161688201475, 4.77993575179726, 3.1456479354514286]}, "3": {"h": [[-0.0, -0.06477945089340209, -0.2012240195274353, -0.1681495871543884], [0.0, 0.8265, 0.6825148773193359, 0.9230734252929688], [0.0, -0.18851892089843753, -0.32652502441406234, -0.5271558837890624]], "r": [1.972939863807621, 1.5261185595610751, -0.5171914695164044, 1.8266933035226718, 1.0927636942519892, 4.759556940723118, -0.7574997014900557]}, "4": {"h": [[-0.0, -0.052689971685409544, -0.21052198004722594, -0.2665250623226166], [0.0, 0.8265, 0.686018051147461, 0.9234750671386719], [0.0, -0.1828969726562502, -0.3225970458984376, -0.5173225097656251]], "r": [1.8736930476595541, 1.4077005439623012, -0.7619613146365768, 1.459651543525213, 1.4331563635803424, 4.507587083960555, 0.14346911396083353]}, "5": {"h": [[-0.0, -0.05015641903877258, -0.2203770229816437, -0.3540086758136749], [0.0, 0.8265, 0.6836720581054687, 0.8771266479492188], [0.0, -0.181781982421875, -0.3228591308593752, -0.50149658203125]], "r": [2.131957202033436, 1.2141764446331074, -0.5432625926508814, 1.2041306545160757, 1.6997695950485276, 4.241868397191329, -1.2485435296486849]}, "6": {"h": [[-0.0, -0.0438776775598526, -0.2143556705713272, -0.45997304117679594], [0.0, 0.8265, 0.634283187866211, 0.6928659362792968], [0.0, -0.183739501953125, -0.25615185546875013, -0.46090856933593766]], "r": [1.8735737913962398, 0.9081775010162204, -0.921912516289025, 0.9134062009470368, 1.9137647115488712, 4.120506958655946, -2.1811279506307275]}}, "id": 0}