{"count": 7, "poses_seq": {"0": {"h": [[-0.0, -0.05941821670532227, -0.14515092086791992, 0.11824959182739259], [0.0, 0.8265, 0.6768809661865234, 0.7074343414306641], [0.0, -0.22594982910156253, -0.40104504394531265, -0.5037622070312502]], "r": [-0.8463085229442705, 3.898471323467916, -0.6279536526424372, 1.2923725613986907, 1.7705238330756643, 1.114686873631616, 2.2623892224481366]}, "1": {"h": [[-0.0, -0.04933867788314819, -0.12013899755477905, 0.08252192163467408], [0.0, 0.8265, 0.6855055236816406, 0.8795170288085938], [0.0, -0.18039147949218753, -0.3851069335937501, -0.5245751953125]], "r": [-0.8515103423719963, 3.679430499077414, -0.5250071851480783, 1.3784963602829219, 1.4331622348286654, 0.995638239892404, 2.004579881975122]}, "2": {"h": [[-0.0, -0.05605519199371338, -0.1507497606277466, -0.024926587104797362], [0.0, 0.8265, 0.6843297729492188, 0.9176851501464844], [0.0, -0.18710534667968753, -0.3543522949218752, -0.5289483642578126]], "r": [-1.025501794928215, 3.905592158230461, -0.6407436277236022, 1.700191851066744, 1.130584036118766, 0.6512616857330296, 0.938734087835494]}, "3": {"h": [[-0.0, -0.06477945089340209, -0.2012240195274353, -0.1681495871543884], [0.0, 0.8265, 0.6825148773193359, 0.9230734252929688], [0.0, -0.18851892089843753, -0.32652502441406234, -0.5271558837890624]], "r": [-0.8331750702790284, 3.8753236814388314, -0.4773704787338608, 1.6950096473667844, 0.9615736850514314, 0.6333684327145366, 3.441805791531286]}, "4": {"h": [[-0.0, -0.05343200039863586, -0.2135363209247589, -0.2997393696308136], [0.0, 0.8265, 0.6861170043945313, 0.9142366027832032], [0.0, -0.1869454345703126, -0.3193067626953126, -0.5081103515624998]], "r": [-0.753053443604472, 3.850029299894872, -0.18108850557930778, 1.6511374321278434, 0.6715625146731845, 0.602198048085371, -5.718076669255569]}, "5": {"h": [[-0.0, -0.04805592942237854, -0.22493882584571837, -0.40601862931251526], [0.0, 0.8265, 0.6662322540283203, 0.8315611267089844], [0.0, -0.18439465332031252, -0.2952855224609375, -0.4901159667968749]], "r": [-0.4970844292597433, 3.806382284940747, 0.025956587333886578, 1.4471789909973802, 1.036105755740709, 0.7690181394368512, 1.7217611452658734]}, "6": {"h": [[-0.0, -0.04106922173500061, -0.19721051430702208, -0.4499894449710846], [0.0, 0.8265, 0.6228188781738281, 0.5787656593322754], [0.0, -0.18978955078124998, -0.24986328124999996, -0.45062902832031254]], "r": [-0.4593360995186818, 4.077402690600647, 0.19538662689338063, 1.0573395835134602, 1.2453850342144501, 0.6746859462440827, 0.10604038014454362]}}, "id": 0}