{"count": 50, "poses_seq": {"0": {"h": [[-0.0, -0.0642607421875, 0.12381451416015626, 0.41354825592041017], [0.0, 0.8265, 0.6569522399902344, 0.6196639099121094], [0.0, -0.14281311035156224, -0.3247110595703125, -0.34520617675781234]], "r": [-1.3693754122822837, 4.370044959772925, -0.9538664911528596, 1.1604716147997227, 1.9386534518167868, 1.4474436607235597, -0.4276593309126264]}, "1": {"h": [[-0.0, -0.06509503746032715, 0.0996848087310791, 0.3572508716583252], [0.0, 0.8265, 0.7715496978759766, 0.8968054122924805], [0.0, -0.1726195068359378, -0.36912805175781266, -0.39080273437500007]], "r": [-1.3878127202405817, 4.190606323975467, -1.316835662281337, 1.4131458469092812, 1.5652434068009762, 1.3103136400797841, 1.5049862571752806]}, "2": {"h": [[-0.0, -0.0700906219482422, 0.04516520690917969, 0.2398320999145508], [0.0, 0.8265, 0.8021289310455322, 0.9901084747314454], [0.0, -0.16213232421875007, -0.390890625, -0.461946533203125]], "r": [-1.0489655687221588, 4.264960983493444, -1.6545653069130406, 1.4243827223901935, 1.5521236899137485, 1.6874379423832433, 1.4180084974591547]}, "3": {"h": [[-0.0, -0.08150790405273438, -0.014105529785156251, 0.12167413330078125], [0.0, 0.8265, 0.8233445000648498, 1.0246243743896484], [0.0, -0.1683009033203125, -0.4115681152343749, -0.5168209228515623]], "r": [-1.4016932788104723, 4.437078825745843, -1.9433040894825655, 1.8061588120731995, 1.6087136294238, 1.4328615336768507, 0.01906990944437953]}, "4": {"h": [[-0.0, -0.03386795806884765, -0.07051242828369142, -0.004401954650878906], [0.0, 0.8265, 0.7918714866638183, 1.0098903350830077], [0.0, -0.1608398437500001, -0.42689025878906267, -0.5454752197265627]], "r": [-1.3107574266805906, 4.471600816004623, -2.0300056773056774, 1.947040588628386, 1.6818006436964512, 1.3413071573209017, 0.9397626192949706]}, "5": {"h": [[-0.0, -0.06487875366210936, -0.11836384582519531, -0.10752357482910156], [0.0, 0.8265, 0.7994526138305664, 1.0195092315673828], [0.0, -0.16377209472656223, -0.4228879394531247, -0.5583614501953122]], "r": [-1.1096524378064012, 4.365436100883677, -1.8464403447305053, 1.9457299178716432, 1.4118879268180768, 1.2079302661098228, 3.647579221651229]}, "6": {"h": [[-0.0, -0.07346192932128906, -0.15657095336914062, -0.20637501525878904], [0.0, 0.8265, 0.7668669662475586, 0.9662035217285156], [0.0, -0.16487390136718788, -0.42249719238281275, -0.5768287353515626]], "r": [-1.2340961219815247, 4.392132544071114, -2.0018527132192294, 2.3340990733196834, 1.4597677201097783, 1.0062540695129647, -0.7583237291989717]}, "7": {"h": [[-0.0, -0.06844853210449217, -0.1789370880126953, -0.2938241424560547], [0.0, 0.8265, 0.6824282531738282, 0.7799387969970704], [0.0, -0.15725146484375002, -0.41422436523437495, -0.6210075683593748]], "r": [-1.1275262072946917, 4.571822211946629, -1.868633424716543, 2.4980479874498833, 1.506514708456213, 0.7476650356697616, 1.6144375586646749]}, "8": {"h": [[-0.0, -0.06347812652587892, -0.12351139068603517, -0.17322402191162112], [0.0, 0.8265, 0.581573471069336, 0.5522711181640625], [0.0, -0.15469140625000027, -0.3638454589843752, -0.6378015136718751]], "r": [-1.176889190544243, 4.896359891403095, -1.8495488050199875, 2.109454461190157, 1.878718197179711, 0.6178743927669268, 4.7627399760498585]}, "9": {"h": [[-0.0, -0.06452330780029296, -0.07963780975341796, -0.048739875793457024], [0.0, 0.8265, 0.5782701110839844, 0.5441037750244141], [0.0, -0.1466317138671876, -0.3795157470703126, -0.6416274414062499]], "r": [-1.3968721539987916, 5.049057922511547, -2.010377939162329, 1.7896152178938718, 1.886991588731118, 0.8071530047249867, -1.3747062185108763]}, "10": {"h": [[-0.0, -0.06171002960205077, -0.03545358276367187, 0.06646588134765626], [0.0, 0.8265, 0.5957580108642578, 0.5820261840820313], [0.0, -0.13966125488281228, -0.370373046875, -0.6081861572265623]], "r": [-1.4502076296765265, 5.09937418455889, -1.9692054724113048, 1.7363720751386302, 2.0601826027914174, 1.049121847615534, -4.430639226559922]}, "11": {"h": [[-0.0, -0.06739960479736327, -0.02158890533447265, 0.12197672271728516], [0.0, 0.8265, 0.6797575683593751, 0.7583796539306641], [0.0, -0.14721142578125007, -0.4086497802734375, -0.6040043945312499]], "r": [-1.6186803246833512, 4.724507728970502, -1.960694852013631, 2.00125395727107, 1.8220677104138756, 0.9245201412038584, 1.0549311067790277]}, "12": {"h": [[-0.0, -0.06882087707519532, -0.09217631530761719, -0.023736679077148437], [0.0, 0.8265, 0.7202552642822265, 0.891210678100586], [0.0, -0.161231689453125, -0.43054919433593747, -0.6076210937499997]], "r": [-1.4741890013508643, 4.54147751454959, -2.0858169591720865, 2.319307291438292, 1.821927953275787, 0.9968668271388709, -0.07931380411605582]}, "13": {"h": [[-0.0, -0.07103529357910157, -0.12748432922363281, -0.12899977111816407], [0.0, 0.8265, 0.7055994110107422, 0.8456675567626953], [0.0, -0.15179809570312514, -0.4144963378906253, -0.6268630371093751]], "r": [-1.4190965789481071, 4.654967078702681, -2.268704165626317, 2.0372113384796564, 1.68066162622843, 1.0644128157340873, 1.7927607572798727]}, "14": {"h": [[-0.0, -0.06406986999511718, -0.08557431030273438, -0.07263902282714843], [0.0, 0.8265, 0.5921161041259766, 0.5994176177978515], [0.0, -0.14502124023437474, -0.3844694824218749, -0.6462714843749997]], "r": [-1.672253502086896, 4.8245279609400065, -2.646834137276763, 2.0791045932683097, 1.8827938485976907, 0.67787477693302, 4.841337573488122]}, "15": {"h": [[-0.0, -0.061434257507324216, -0.025137420654296874, 0.058695129394531254], [0.0, 0.8265, 0.5986974487304688, 0.6066272735595704], [0.0, -0.13351831054687519, -0.3634619140625002, -0.6084216308593751]], "r": [-1.8377102522471305, 5.052990468172202, -2.683473300784069, 1.9643836721129735, 2.259017187614301, 1.0224891170090045, 1.263708924399122]}, "16": {"h": [[-0.0, -0.06407550811767578, -0.011265472412109373, 0.12622781372070313], [0.0, 0.8265, 0.6679553070068359, 0.7525721893310546], [0.0, -0.14195263671874986, -0.39439672851562496, -0.5933327636718748]], "r": [-2.2309962894197914, 4.77690845389754, -2.9770294217816775, 1.890748351475369, 2.0683451582948433, 1.203976584779194, 2.56350330438347]}, "17": {"h": [[-0.0, -0.07056045532226561, -0.08203102111816406, -0.01302263641357422], [0.0, 0.8265, 0.7230686492919922, 0.915274398803711], [0.0, -0.14992333984375011, -0.4121304931640624, -0.566771484375]], "r": [-1.9303473306224104, 4.566579026385139, -2.8098927630615727, 2.0297493010937435, 1.9656497521354692, 1.2703634023573305, 5.213704063076556]}, "18": {"h": [[-0.0, -0.060846893310546865, -0.09493136596679687, -0.10886566162109375], [0.0, 0.8265, 0.6857952728271485, 0.8604489898681641], [0.0, -0.14740368652343722, -0.4050023193359374, -0.5915948486328124]], "r": [-1.8480492417857644, 4.405262349910811, -2.915242281545654, 2.082863717887246, 1.7039495738641752, 0.9707392592793693, -1.772500003302134]}, "19": {"h": [[-0.0, -0.06449348449707032, -0.07056130981445313, -0.04785977172851562], [0.0, 0.8265, 0.5986227569580078, 0.6249618682861329], [0.0, -0.1443704833984379, -0.3664077148437502, -0.6222520751953127]], "r": [-1.8059173912711497, 4.674701002841171, -2.978921528775299, 2.2438036201401528, 2.023800919409602, 0.6435871654749719, 0.10860037408583764]}, "20": {"h": [[-0.0, -0.05424922180175783, -0.014413467407226571, 0.08393997955322265], [0.0, 0.8265, 0.6091172027587891, 0.6551416931152344], [0.0, -0.13877380371093723, -0.3616599121093747, -0.5941691894531247]], "r": [-1.97858519207553, 4.851952536187272, -2.9695031062791752, 2.2094276047356267, 2.410887324442599, 0.9139920980297246, -0.09948405100309687]}, "21": {"h": [[-0.0, -0.06430491638183594, -0.03015902709960938, 0.11068322753906248], [0.0, 0.8265, 0.6704002380371094, 0.7826028671264649], [0.0, -0.14661938476562525, -0.39474914550781254, -0.574884765625]], "r": [-2.148814965635587, 4.758190575515401, -2.885049913639481, 1.9264084010854075, 2.093243323750517, 1.2075720824577227, -2.6197279221844174]},