{"count": 18, "poses_seq": {"0": {"h": [[-0.0, -0.0634262924194336, -0.05456880950927734, 0.1650384635925293], [0.0, 0.8265, 0.667525634765625, 0.5447308044433594], [0.0, -0.20521984863281256, -0.42451354980468753, -0.5370201416015625]], "r": [-0.2564151407034244, 1.7820282406710302, -1.0830847984655463, 1.066082652407986, 2.5506512995514035, 2.543587787558736, 1.353601963661835]}, "1": {"h": [[-0.0, -0.06854289245605469, -0.10785993957519531, 0.03998472595214844], [0.0, 0.8265, 0.6852656402587891, 0.591399642944336], [0.0, -0.18743017578124982, -0.4292406005859373, -0.6392163085937499]], "r": [0.007519446300812773, 1.9084063586261535, -1.1621497121277635, 1.0257432569459637, 2.247158994776106, 2.8560698333928287, 1.5254685552067666]}, "2": {"h": [[-0.0, -0.07485159873962402, -0.16172418975830077, -0.08135244750976563], [0.0, 0.8265, 0.7094356079101563, 0.6605491943359375], [0.0, -0.18614404296875003, -0.4335581054687501, -0.6920531005859376]], "r": [0.273260032513283, 2.1040917756428024, -1.139075082154473, 1.2991063890011993, 2.5076734838634467, 2.5955525993784243, 2.000203899367358]}, "3": {"h": [[-0.0, -0.07025740814208983, -0.24651158142089846, -0.23396708679199218], [0.0, 0.8265, 0.7578980712890625, 0.7629913482666015], [0.0, -0.1827509765625, -0.39064587402343737, -0.6641127929687498]], "r": [0.39354310474506865, 2.268631410662445, -1.13809361002444, 1.2654634858480287, 2.603799662150529, 2.90104759679267, 3.77999637190839]}, "4": {"h": [[-0.0, -0.07263876152038574, -0.2804264049530029, -0.36427821159362794], [0.0, 0.8265, 0.7592033843994141, 0.8341182250976562], [0.0, -0.184009765625, -0.3793294677734374, -0.6279573974609374]], "r": [0.5318418275517373, 2.6187678813920603, -1.1894556575300306, 1.5833771269464616, 2.889646595379601, 2.510075946203353, -3.615833082099421]}, "5": {"h": [[-0.0, -0.07393411254882812, -0.30882495880126953, -0.46653400421142577], [0.0, 0.8265, 0.7543662567138671, 0.8504467773437501], [0.0, -0.18023510742187515, -0.36072314453125004, -0.5681650390624999]], "r": [0.7271994440376248, 2.67572151516695, -1.2064505186747367, 1.6641991618558287, 2.826679003361779, 2.385758074011906, -0.39279253954373855]}, "6": {"h": [[-0.0, -0.07402117919921875, -0.3339787750244141, -0.5520477447509765], [0.0, 0.8265, 0.739837646484375, 0.8139565429687501], [0.0, -0.17903027343750005, -0.3352041015625001, -0.49504150390624996]], "r": [1.0278307107539417, 2.562810234940442, -1.1897273313813168, 1.688205745716977, 2.6110278740595922, 2.226357261489347, 0.7729391454130382]}, "7": {"h": [[-0.0, -0.07566857147216796, -0.3464563217163086, -0.6148575668334961], [0.0, 0.8265, 0.7020756530761718, 0.7244257202148437], [0.0, -0.17560510253906264, -0.2997951660156251, -0.4055118408203125]], "r": [1.3865629446824106, 2.256559505005233, -1.120765439217996, 1.7409207892226783, 2.489622834308101, 1.9340830263493856, 1.9047587313915455]}, "8": {"h": [[-0.0, -0.08010729217529297, -0.24293575286865235, -0.4574103775024414], [0.0, 0.8265, 0.5990636291503906, 0.48349637603759765], [0.0, -0.17945373535156245, -0.3162115478515624, -0.4801853027343748]], "r": [1.2442650259697863, 2.2315938712962806, -1.2814653410054602, 1.4682839807292798, 2.329647287965637, 1.831427309141179, -0.3228702034199535]}, "9": {"h": [[-0.0, -0.08047924041748047, -0.18379559707641602, -0.33146142959594727], [0.0, 0.8265, 0.5841900024414062, 0.46254640197753905], [0.0, -0.18424987792968756, -0.35744702148437507, -0.5710272216796874]], "r": [1.0508640783117964, 2.4213756301683707, -1.4425793051128475, 1.4058554263950531, 2.330469449678673, 1.922972029659381, -1.218002529746755]}, "10": {"h": [[-0.0, -0.07404224395751953, -0.12205455780029296, -0.19201825714111329], [0.0, 0.8265, 0.5696304626464844, 0.4753463287353516], [0.0, -0.18236450195312487, -0.393658935546875, -0.6433629150390623]], "r": [0.8551245243070227, 2.265967040032015, -1.2679119198666302, 1.4118369575099703, 2.1450832403076605, 1.748406165727708, 1.821762833793493]}, "11": {"h": [[-0.0, -0.07375408172607421, -0.03700138854980469, -0.03488901138305664], [0.0, 0.8265, 0.6029390411376954, 0.5770605392456054], [0.0, -0.18688928222656248, -0.4159003906249999, -0.6894123535156249]], "r": [0.5395106206463876, 2.212214873895455, -1.0617894760589055, 1.4712593746438414, 2.091503602652212, 1.757077220118843, 4.508076426954755]}, "12": {"h": [[-0.0, -0.08191609954833984, 0.011263641357421875, 0.08627343368530273], [0.0, 0.8265, 0.6487492980957031, 0.6672214660644531], [0.0, -0.19287915039062492, -0.40753112792968743, -0.667529541015625]], "r": [0.432172509150741, 2.414371293244818, -1.0121115685997455, 1.468338150755774, 1.8651740666621324, 1.5890636772823854, -1.7145287241734954]}, "13": {"h": [[-0.0, -0.08025296783447265, 0.031575748443603516, 0.1888854866027832], [0.0, 0.8265, 0.6696832733154297, 0.727775634765625], [0.0, -0.19743432617187523, -0.405483642578125, -0.6202377929687501]], "r": [0.21663223154162256, 2.519271495717988, -0.9403391140584332, 1.4396032131318357, 1.7695971386318805, 1.5425380429876236, -3.502528761470762]}, "14": {"h": [[-0.0, -0.07850801849365235, 0.0645023422241211, 0.2740854263305664], [0.0, 0.8265, 0.6785440673828125, 0.7689389343261719], [0.0, -0.2016932373046874, -0.39880358886718753, -0.5505533447265625]], "r": [-0.023324477508459802, 2.471079174714251, -0.8506790761000098, 1.6720518504689215, 2.0651003944404285, 1.5117734293041365, 1.942317659603041]}, "15": {"h": [[-0.0, -0.07249249267578126, 0.12435199737548827, 0.37981156158447266], [0.0, 0.8265, 0.6973882141113281, 0.8026737670898438], [0.0, -0.1942147216796875, -0.35703344726562497, -0.40155358886718734]], "r": [-0.19894495953868296, 2.4152524709035488, -0.8060258378712875, 1.9541670210072872, 2.262908210595643, 1.2104514697044362, 0.9112152961478162]}, "16": {"h": [[-0.0, -0.07286624145507813, 0.1343063049316406, 0.3988754577636719], [0.0, 0.8265, 0.6919593963623047, 0.793114990234375], [0.0, -0.1964888916015624, -0.32992883300781256, -0.2860340576171874]], "r": [-0.38690105035921957, 2.424498741485024, -0.7308672917450073, 1.9016820669869317, 2.2885793542526494, 1.081110311739063, -2.0706415014993644]}, "17": {"h": [[-0.0, -0.07149095821380615, 0.11875196075439452, 0.3965769729614258], [0.0, 0.8265, 0.6471066741943359, 0.6436371765136719], [0.0, -0.2018179931640623, -0.30711645507812496, -0.1856147460937499]], "r": [-0.6823263263212057, 2.12324780934048, -0.6633889896809656, 1.5085781364139357, 2.466954061669301, 1.2868117724106989, -1.3027051506502618]}}, "id": 50}