{"count": 10, "poses_seq": {"0": {"h": [[-0.0, -0.06562488555908202, -0.2072640838623047, -0.1382606964111328], [0.0, 0.8265, 0.5744874114990235, 0.5121089134216309], [0.0, -0.19493273925781246, -0.26773046875, -0.5250266113281248]], "r": [2.327387560234844, 2.166093607735131, 1.3688383308751964, 1.677428640142911, 0.9772158660985384, 5.4284378436396645, -2.133124760897274]}, "1": {"h": [[-0.0, -0.0683829803466797, -0.2836020011901856, -0.3109209709167481], [0.0, 0.8265, 0.6143860626220703, 0.5833440246582031], [0.0, -0.19211523437499994, -0.27632580566406256, -0.5479947509765624]], "r": [2.7036432347732737, 2.3977141380596887, 1.3961981386201934, 1.6101576132714794, 1.1824107687176524, 5.098638944821378, -1.3452096426288733]}, "2": {"h": [[-0.0, -0.06866448974609375, -0.28829671478271485, -0.3901259384155274], [0.0, 0.8265, 0.6405614318847657, 0.6386798553466797], [0.0, -0.19073925781250006, -0.28304028320312496, -0.5356862792968751]], "r": [2.736148557988183, 2.3369098720074724, 1.2807653607318361, 1.6730206883918846, 1.438378386592874, 5.247287744956069, -3.1420636815724223]}, "3": {"h": [[-0.0, -0.06853878593444823, -0.30085236167907714, -0.4635612545013428], [0.0, 0.8265, 0.6859384765625, 0.7803903198242187], [0.0, -0.19431066894531251, -0.319330322265625, -0.5229691162109376]], "r": [3.0072865182361492, 2.376761373858822, 1.008707028177841, 1.803095716245697, 1.4883560575531705, 5.05347427606706, 0.2258455815239298]}, "4": {"h": [[-0.0, -0.06652524375915528, -0.2634514331817627, -0.33677273750305176], [0.0, 0.8265, 0.7378325500488282, 0.9321399536132813], [0.0, -0.19241186523437498, -0.3504968261718749, -0.5305671386718749]], "r": [3.0556057637707883, 2.411612146816018, 0.6503684389287453, 1.693509928540694, 1.6613838479598495, 4.902341162844395, -0.921035086175989]}, "5": {"h": [[-0.0, -0.06712838745117188, -0.22869176101684568, -0.23817119216918944], [0.0, 0.8265, 0.7380265502929688, 0.9584839172363281], [0.0, -0.1840250244140625, -0.3713447265625001, -0.5351728515625]], "r": [2.829513865801906, 2.438581576475611, 0.6493298586823523, 1.4959596080445943, 1.9692955140967736, 5.073221086412566, -1.1255657286166116]}, "6": {"h": [[-0.0, -0.06792465209960938, -0.1901823844909668, -0.14181765365600585], [0.0, 0.8265, 0.733697982788086, 0.9613499755859376], [0.0, -0.18361718749999995, -0.38672961425781255, -0.53308642578125]], "r": [2.88326167811537, 2.3276996770666343, 0.3998521105497232, 1.5731908365949776, 1.6250319149443995, 4.817944127020753, -1.872314531288848]}, "7": {"h": [[-0.0, -0.0681485366821289, -0.1257206497192383, -0.013022026062011718], [0.0, 0.8265, 0.7352306976318359, 0.9565990905761719], [0.0, -0.19008947753906252, -0.4155926513671873, -0.5382686767578124]], "r": [2.4862712039745034, 2.0667669973115097, 0.22371126159654475, 1.858050149918719, 1.2268790271909156, 4.789934505843857, -3.937112763500911]}, "8": {"h": [[-0.0, -0.07266606903076171, -0.0743890495300293, 0.11314276504516603], [0.0, 0.8265, 0.7194320068359374, 0.9009100341796875], [0.0, -0.2042424316406251, -0.41176489257812504, -0.504791015625]], "r": [2.196295703025745, 1.7692311021677498, 0.12280810745485073, 1.5359163538433536, 1.2580708447767854, 4.551558499238533, 3.8458810715268954]}, "9": {"h": [[-0.0, -0.060526840209960936, -0.010859046936035155, 0.24352263259887696], [0.0, 0.8265, 0.6586105346679688, 0.749221923828125], [0.0, -0.20761120605468758, -0.3901925048828126, -0.4519383544921876]], "r": [1.831716264459714, 1.4340176343729425, 0.036765449904923385, 1.2752829075255787, 1.2426582787023528, 4.594502683925324, -3.9278233414077395]}}, "id": 44}