{"count": 9, "poses_seq": {"0": {"h": [[-0.0, -0.0729798526763916, -0.28451574134826657, -0.2805069065093994], [0.0, 0.8265, 0.6616384582519532, 0.6615042572021484], [0.0, -0.19787854003906263, -0.2702034912109375, -0.5415103759765625]], "r": [-0.6253647599624481, 4.162697309360417, 1.3102528211405247, 3.668431423577307, 0.4468566123176119, 0.6590851563787322, 2.2727943991729767]}, "1": {"h": [[-0.0, -0.07739797401428222, -0.3097405948638916, -0.4206070804595947], [0.0, 0.8265, 0.6596307373046876, 0.666782943725586], [0.0, -0.19322143554687493, -0.253796875, -0.5018663330078124]], "r": [-0.437175200317908, 4.197395174413341, 1.2046735523685534, 3.564077581978588, 0.6063615219966495, 0.6821037050006412, 3.141885304885803]}, "2": {"h": [[-0.0, -0.07784596252441406, -0.3414324417114258, -0.5441171035766601], [0.0, 0.8265, 0.6739749603271484, 0.6744624633789063], [0.0, -0.1953624267578125, -0.2547524414062499, -0.44390698242187493]], "r": [-0.16635158875472805, 4.206627443022781, 0.9587334291126258, 3.751987899331794, 0.9352851923719929, 0.84486569104037, -5.256452710363523]}, "3": {"h": [[-0.0, -0.08006851768493653, -0.35657586479187015, -0.6375511455535888], [0.0, 0.8265, 0.6844034881591797, 0.6581219558715821], [0.0, -0.1894075927734376, -0.24976013183593754, -0.3686781005859375]], "r": [0.022479921459285273, 4.410493221065125, 0.7240493373938706, 3.7878459539941742, 0.8835031512277766, 0.909178398677332, 1.232484479437185]}, "4": {"h": [[-0.0, -0.07382794189453125, -0.29515407562255863, -0.5149109725952148], [0.0, 0.8265, 0.6343676910400391, 0.6263869094848633], [0.0, -0.18884155273437503, -0.2595357666015626, -0.46780566406249996]], "r": [-0.21486169099144636, 4.243921458391188, 1.018835208687163, 3.8779230070062822, 0.9381277071994999, 0.8282818744753421, 2.622109647743011]}, "5": {"h": [[-0.0, -0.07321952056884766, -0.26960052871704104, -0.41750073623657225], [0.0, 0.8265, 0.6346228485107422, 0.6349644165039063], [0.0, -0.19461669921874997, -0.2612124023437499, -0.5193209228515623]], "r": [-0.3404177106154468, 4.2206695031236645, 0.948247006901631, 3.980236482693096, 0.9912848445574735, 0.8380115929972443, 4.888914511853227]}, "6": {"h": [[-0.0, -0.07423345947265625, -0.2711548652648926, -0.30292140579223636], [0.0, 0.8265, 0.6246848602294922, 0.6311641311645508], [0.0, -0.19530432128906244, -0.2684970703125001, -0.5535969238281249]], "r": [-0.24812939275071072, 4.066846199734839, 1.0871244815042624, 4.349246934086805, 0.8376232212983055, 1.1970736202282868, -2.3952145330078776]}, "7": {"h": [[-0.0, -0.07240739440917969, -0.19921550369262697, -0.13597861862182617], [0.0, 0.8265, 0.6228072662353517, 0.6301063995361329], [0.0, -0.19309326171875002, -0.27953881835937505, -0.5497431640625001]], "r": [-0.3407822004148928, 4.04950214404878, 0.7999276555679947, 4.740558031725202, 1.0756700348337311, 1.3173419989287327, 0.43106967675502433]}, "8": {"h": [[-0.0, -0.06549923706054687, -0.13451491165161134, 0.03420415878295899], [0.0, 0.8265, 0.6097028045654297, 0.6302195816040039], [0.0, -0.19876757812500007, -0.32860351562500006, -0.5422501220703126]], "r": [-0.47830381351373014, 4.15811231342991, 0.677314010529946, 4.881952201303503, 1.0233987647400602, 1.523357829772844, -1.2818001345961567]}}, "id": 26}