{"count": 28, "poses_seq": {"0": {"h": [[-0.0, -0.065086519241333, -0.10563922691345215, -0.021944135665893556], [0.0, 0.8265, 0.5405168762207031, 0.48164805603027344], [0.0, -0.1893067626953125, -0.3101175537109376, -0.5626361083984375]], "r": [1.677479332718325, 0.6167226264811029, -2.2618654281548505, 5.489196678994705, 1.5616423585214776, 4.629242127381489, 2.9445745136691452]}, "1": {"h": [[-0.0, -0.05498373413085937, -0.0679675178527832, 0.0884968376159668], [0.0, 0.8265, 0.5512838134765625, 0.4971482200622559], [0.0, -0.17566503906250014, -0.3211785888671875, -0.5381015625000001]], "r": [1.9425362307128593, 0.524069786512338, -1.978124939438558, 5.3007227698198385, 1.9507722402650534, 4.296864861532669, 5.3246115966163945]}, "2": {"h": [[-0.0, -0.05313890838623047, -0.05031702041625977, 0.16208435440063476], [0.0, 0.8265, 0.5818132171630859, 0.5394468765258789], [0.0, -0.1828316650390625, -0.3455693359374999, -0.5124625244140624]], "r": [1.6269332589873982, 0.7275267654381302, -1.9823477078866023, 5.44691047721946, 1.6428199888105974, 4.543828325445903, -4.012944414721191]}, "3": {"h": [[-0.0, -0.048818975448608394, -0.01835947608947754, 0.23810362434387208], [0.0, 0.8265, 0.6123357696533204, 0.5940534973144531], [0.0, -0.18650280761718757, -0.369600341796875, -0.47682678222656244]], "r": [1.6975720233903147, 0.8799803214734914, -1.8470026639320711, 5.306567125466492, 1.8018513770340527, 4.462027380460876, 1.9392921412321156]}, "4": {"h": [[-0.0, -0.06263829803466797, -0.004743339538574216, 0.2679329833984375], [0.0, 0.8265, 0.6797369079589843, 0.7084725036621093], [0.0, -0.19181127929687497, -0.3969892578125001, -0.43527551269531256]], "r": [1.444893700247584, 1.0992971753943994, -2.0513758615945554, 5.249691166099729, 1.7141805151964171, 4.507466669333056, -0.691202113703715]}, "5": {"h": [[-0.0, -0.07509626007080078, -0.09858050155639647, 0.12083155822753908], [0.0, 0.8265, 0.7726897888183594, 0.9302154846191406], [0.0, -0.1934234619140625, -0.4153708496093749, -0.47925634765624997]], "r": [1.4779154661224065, 1.456645091320624, -2.426394056152272, 5.018797006882011, 1.5271650473500673, 4.4545070112078315, 1.2213706118964396]}, "6": {"h": [[-0.0, -0.07298200225830079, -0.1603747215270996, -0.009239376068115233], [0.0, 0.8265, 0.7846310424804688, 0.9887778930664063], [0.0, -0.18193444824218746, -0.41388085937500013, -0.5216751708984375]], "r": [1.343203942518772, 1.7232639106029266, -2.666481995411584, 4.675688312632626, 1.5600433062051218, 4.795413237157549, 0.6274854866853299]}, "7": {"h": [[-0.0, -0.07685630798339843, -0.23557407760620117, -0.15988396835327148], [0.0, 0.8265, 0.7656637420654298, 0.9869289855957031], [0.0, -0.18329943847656255, -0.3730513916015626, -0.5178782958984376]], "r": [1.4453120386278957, 1.6776625492451012, -2.89732709081127, 4.833218045398419, 1.4657504983268375, 4.610297831461496, 0.464880289260082]}, "8": {"h": [[-0.0, -0.07652586364746095, -0.26772724151611327, -0.28081623077392576], [0.0, 0.8265, 0.7634226379394532, 0.9798487854003907], [0.0, -0.18449230957031243, -0.36119616699218754, -0.527513671875]], "r": [1.501950995786344, 1.8772718952942085, -3.1131086157366195, 4.832575182346453, 1.2113861426413521, 4.849777299717829, -0.11920359016658856]}, "9": {"h": [[-0.0, -0.07968541717529297, -0.29527648162841796, -0.38656584930419924], [0.0, 0.8265, 0.7551882934570312, 0.9464772949218749], [0.0, -0.18321264648437513, -0.34306884765625006, -0.5211575927734375]], "r": [1.7140871493760104, 1.920009295445796, -3.0912583206837123, 4.585786626640163, 1.2832397582887591, 5.034892595476585, -1.7100069981046542]}, "10": {"h": [[-0.0, -0.07363197040557862, -0.3135589265823364, -0.4907881746292114], [0.0, 0.8265, 0.7358864135742188, 0.869258758544922], [0.0, -0.1841319580078125, -0.34558325195312506, -0.5154262695312501]], "r": [1.9072051816303015, 1.8123220577352077, -3.045123634913693, 4.497870804899783, 1.3262606290691987, 5.134850963890899, 1.115610176387536]}, "11": {"h": [[-0.0, -0.07470399188995361, -0.26644464588165284, -0.49301321887969973], [0.0, 0.8265, 0.6354311981201172, 0.59078511428833], [0.0, -0.18716601562499996, -0.33629553222656244, -0.5304558105468751]], "r": [1.9555814677133647, 1.5617818201877216, -3.1154555942233992, 4.50502631106121, 1.4719539363881498, 5.4735817593463585, 4.1256465618096385]}, "12": {"h": [[-0.0, -0.07580452728271483, -0.21331408309936523, -0.36872282028198244], [0.0, 0.8265, 0.5955292053222656, 0.48585689544677735], [0.0, -0.188565673828125, -0.35185107421875, -0.5814465332031249]], "r": [1.8171363881204858, 1.432291515496142, -3.094158455812601, 4.699957542973658, 1.46631481320199, 5.60538584117092, -1.843295389099172]}, "13": {"h": [[-0.0, -0.07502945709228516, -0.15892409133911134, -0.23802585220336914], [0.0, 0.8265, 0.5681814270019532, 0.4503024444580079], [0.0, -0.18727001953125005, -0.37048999023437507, -0.624276123046875]], "r": [1.5340032478234291, 1.1220922693157105, -2.9512979423810726, 4.926222783262069, 1.6317438206184762, 5.266415038444726, 0.5409704334461636]}, "14": {"h": [[-0.0, -0.06534603691101074, -0.05097430992126465, -0.021873142242431642], [0.0, 0.8265, 0.55681884765625, 0.4425756225585938], [0.0, -0.18355371093750011, -0.3805657958984375, -0.644517333984375]], "r": [1.407635567348604, 1.2062715791552812, -2.656383654234481, 4.883176228960606, 1.5940830286587728, 5.575859795509191, 0.8730580614016723]}, "15": {"h": [[-0.0, -0.0610384693145752, 0.007148557662963868, 0.10924618339538575], [0.0, 0.8265, 0.5747855987548829, 0.45224037933349615], [0.0, -0.18444177246093757, -0.3838688964843749, -0.6158280029296874]], "r": [1.1650052326008606, 0.9600984462503104, -2.5748879191899094, 5.166190536111563, 1.6047460427088873, 5.191611022409421, 0.9147321210118656]}, "16": {"h": [[-0.0, -0.06201534461975097, 0.07018219757080078, 0.26629970550537113], [0.0, 0.8265, 0.5973438415527343, 0.4890315170288086], [0.0, -0.1966979980468751, -0.387540283203125, -0.5661544189453125]], "r": [1.011369988459934, 0.9481132448377212, -2.414440901531365, 5.26297488672584, 1.5418428290981587, 5.12325002536523, 3.9598831511980963]}, "17": {"h": [[-0.0, -0.05202719926834107, 0.12921070861816406, 0.37889002990722653], [0.0, 0.8265, 0.6406983642578126, 0.5663158111572266], [0.0, -0.20247009277343758, -0.3748350830078125, -0.5047874755859376]], "r": [0.6977988848727485, 1.2070716846544944, -2.711550758009667, 5.506036419161258, 1.15833347522515, 5.268818534364871, -0.029874087881721634]}, "18": {"h": [[-0.0, -0.06178614711761475, 0.08972096252441407, 0.32541699218750003], [0.0, 0.8265, 0.7735195007324218, 0.8311678161621094], [0.0, -0.21450915527343756, -0.4482532958984376, -0.58329541015625]], "r": [0.8279833836767555, 1.5255306751361595, -2.863350004031501, 5.177306101945712, 0.9388249700458117, 4.996649016721694, 2.363643048865957]}, "19": {"h": [[-0.0, -0.0702736120223999, -0.027781322479248048, 0.13490108489990235], [0.0, 0.8265, 0.7918097534179687, 0.8911511840820312], [0.0, -0.21003308105468738, -0.48719250488281235, -0.6841732177734374]], "r": [1.1849077839152458, 1.6303974085118997, -2.7438938289211556, 4.880303629227012, 1.0370569652441768, 4.993223237494578, 0.9778195035725712]}, "20": {"h": [[-0.0, -0.06554241847991943, -0.11270234680175781, -0.02032490539550781], [0.0, 0.8265, 0.7817821044921875, 0.8962999877929687], [0.0, -0.20845251464843756, -0.4956231689453126, -0.7262867431640625]], "r": [1.554262863321528, 1.457305345001323, -2.52957898601602, 4.686178799880486, 1.4117260631343105, 4.698073509274604, 3.684267626909265]}, "21": {"h": [[-0.0, -0.07950852203369141, -0.1954325523376465, -0.17775309371948242], [0.0, 0.8265, 0.7789702148437501, 0.896386474609375], [0.0, -0.20639843750000014, -0.44966833496093767, -0.6929124755859375]], "r": [1.7082725519546091, 1.3927524193457461, -2.7182814085374924, 4.877716875457446, 1.2514473608973633, 4.497965647171652, 0.49560206929701134]},