{"count": 41, "poses_seq": {"0": {"h": [[-0.0, -0.05433649587631226, 0.10660591506958009, 0.35811619949340817], [0.0, 0.8265, 0.6049396667480469, 0.48007122802734375], [0.0, -0.1997193603515624, -0.3488275146484375, -0.4553739013671874]], "r": [3.88689089125689, 5.403678661525003, -0.5452178110712861, 4.374514281761311, -2.766172672975304, 5.092324640939957, -3.2812006544293744]}, "1": {"h": [[-0.0, -0.050092338562011715, 0.13862315368652345, 0.4287415313720704], [0.0, 0.8265, 0.6937559356689453, 0.6428151321411133], [0.0, -0.2149084472656249, -0.36786169433593746, -0.39725061035156256]], "r": [-2.6787286177167373, 5.228914250623211, -0.462978173564826, 4.388980420173733, -2.9950046518515143, 4.820026094302109, 2.3126727518089223]}, "2": {"h": [[-0.0, -0.06672864627838135, 0.07507820892333986, 0.33235413360595706], [0.0, 0.8265, 0.7942974243164063, 0.8713114013671874], [0.0, -0.22069360351562511, -0.44277416992187507, -0.5074345703125]], "r": [-2.2952594619216597, 4.945064075901159, -0.20173500268739908, 4.248843249614164, -3.0830316461379743, 4.566244060599057, 0.7648858194369743]}, "3": {"h": [[-0.0, -0.07442393493652344, -0.002756721496582029, 0.22200960540771483], [0.0, 0.8265, 0.7940181579589844, 0.8998416137695313], [0.0, -0.20303393554687493, -0.4695720214843749, -0.5949101562499999]], "r": [-2.286397687719814, 4.761614922341691, -0.5629840088846432, 4.0399534534273425, -2.919483643381979, 4.743428537390537, -1.321130321081271]}, "4": {"h": [[-0.0, -0.08721407508850097, -0.1153610496520996, 0.040105621337890626], [0.0, 0.8265, 0.7830957946777344, 0.9096788024902345], [0.0, -0.1785957031249999, -0.4557000732421875, -0.6440622558593749]], "r": [-2.0235401097596313, 4.804033050197205, -0.6986428282761913, 4.173495523151096, -2.6893034191479375, 4.596788525713527, -1.5596859675227157]}, "5": {"h": [[-0.0, -0.06957756042480469, -0.17018371200561525, -0.07452733993530274], [0.0, 0.8265, 0.8019830932617188, 0.940652099609375], [0.0, -0.19288244628906243, -0.4442032470703124, -0.6600687255859374]], "r": [-1.8564956589330104, 4.794309396854963, -0.5741303970649739, 4.161123502081355, -2.8757956862932184, 4.454031934438365, -2.37203874235902]}, "6": {"h": [[-0.0, -0.08238528442382813, -0.21925575637817385, -0.18826233291625977], [0.0, 0.8265, 0.7852184143066406, 0.9294315185546875], [0.0, -0.18520568847656255, -0.4189019775390624, -0.6501297607421874]], "r": [-1.664776196501248, 4.623569525060689, -0.9023233529377506, 3.8614279921578865, -2.5459625089247373, 4.84343208705382, 0.4279907312139951]}, "7": {"h": [[-0.0, -0.08341579627990724, -0.2636023654937744, -0.3155645694732666], [0.0, 0.8265, 0.7650113525390625, 0.9205573425292969], [0.0, -0.18061242675781247, -0.375037841796875, -0.5930469970703125]], "r": [-1.6039365492430961, 4.702391205816538, -0.739368108773023, 4.07598518699372, -2.8914193849292302, 4.563080461480686, 2.935152813378598]}, "8": {"h": [[-0.0, -0.08068644142150878, -0.29388109016418457, -0.42505735969543457], [0.0, 0.8265, 0.7592414245605469, 0.9013827819824218], [0.0, -0.17565661621093748, -0.34958056640624996, -0.5469918212890625]], "r": [-1.7804281031670737, 4.576617633402268, -1.106944693764417, 4.337906625850087, -2.7093982487260986, 4.302310612177825, 1.1561786905673037]}, "9": {"h": [[-0.0, -0.0783848819732666, -0.34150512886047363, -0.5470047931671143], [0.0, 0.8265, 0.7510210876464845, 0.8584951171875], [0.0, -0.1786687011718751, -0.33128283691406263, -0.49072265625000006]], "r": [-1.7497453715781628, 4.393638355608511, -1.3100043570863664, 4.334874753007646, -2.790935740765033, 4.330418778456438, -1.0707579280693773]}, "10": {"h": [[-0.0, -0.08196924114227296, -0.3550968961715698, -0.6273173246383668], [0.0, 0.8265, 0.6995907592773438, 0.7301356201171876], [0.0, -0.17368505859375, -0.28316662597656245, -0.39766552734375]], "r": [-1.8278457833799804, 4.1494200545526825, -1.4586121644880679, 4.618610298233153, -2.971273919540482, 4.090693820939685, -4.127205056707431]}, "11": {"h": [[-0.0, -0.07990549278259276, -0.2593581371307373, -0.4915338878631592], [0.0, 0.8265, 0.5962339324951171, 0.49234411621093743], [0.0, -0.17745458984375012, -0.29872607421875014, -0.46655419921875013]], "r": [-1.999391964339963, 4.472217579904509, -1.667615084983993, 4.780156945408112, -2.929052435161432, 4.198058696052764, 1.2807473633199857]}, "12": {"h": [[-0.0, -0.07572049236297607, -0.18577813243865968, -0.3369438123703003], [0.0, 0.8265, 0.566683349609375, 0.4299594879150391], [0.0, -0.18466455078124994, -0.33083544921875, -0.5543383789062499]], "r": [-2.103252719060768, 4.766970798307044, -1.8532739122525979, 4.63637808812544, -2.6725560485927833, 4.589508977099294, -0.6987971284251446]}, "13": {"h": [[-0.0, -0.07759405517578125, -0.14125810623168944, -0.19141855239868164], [0.0, 0.8265, 0.5575868835449219, 0.4315695343017579], [0.0, -0.18900207519531237, -0.36032043457031243, -0.6239761962890624]], "r": [-2.2917992553894186, 4.630224057749975, -1.8823424898575085, 4.528683193364896, -2.7644024045641076, 4.6939360038115465, -1.2721982372493272]}, "14": {"h": [[-0.0, -0.06906914520263671, -0.05612988662719726, -0.006774528503417969], [0.0, 0.8265, 0.5601477966308595, 0.46387915802001956], [0.0, -0.1894456787109376, -0.39424450683593754, -0.6497449951171876]], "r": [-2.386728750823559, 4.538746025216546, -2.0100556792091906, 4.299628689822823, -2.6801319981572944, 5.036976310810529, -0.4155046535795553]}, "15": {"h": [[-0.0, -0.06420360565185547, -0.00469074630737305, 0.13367674255371093], [0.0, 0.8265, 0.5804310150146486, 0.47896360015869144], [0.0, -0.18506445312499992, -0.40760791015625003, -0.6244672851562498]], "r": [-2.609059964788577, 4.410460286109563, -1.9229516605438195, 4.255914123851218, -2.906675134379649, 5.0402299900573455, -2.5970013207319624]}, "16": {"h": [[-0.0, -0.05984498786926269, 0.031721054077148446, 0.23072358703613283], [0.0, 0.8265, 0.6017886505126954, 0.5070484161376954], [0.0, -0.19192846679687509, -0.41464453125000006, -0.5929805908203125]], "r": [-2.5939634769890043, 4.534446414712577, -1.8673931737457137, 4.051363196796069, -2.813447139359912, 5.344706480677266, -0.7153361240491952]}, "17": {"h": [[-0.0, -0.0627279748916626, 0.08313098907470702, 0.3488275375366211], [0.0, 0.8265, 0.6407682037353515, 0.5825337409973144], [0.0, -0.21053405761718752, -0.403362548828125, -0.5101549072265625]], "r": [-2.6901523057579313, 4.6838979620512555, -1.6357541241012368, 4.047847979836453, -2.5276622704049534, 5.465944586030761, 0.12964763640292187]}, "18": {"h": [[-0.0, -0.05499413108825684, 0.1313994369506836, 0.422597526550293], [0.0, 0.8265, 0.6664569091796875, 0.6379676971435547], [0.0, -0.21411035156249986, -0.3642244873046874, -0.40258630371093745]], "r": [-3.0247080172956022, 4.518362752792059, -1.915228839341659, 4.311130784357311, -2.276036102680123, 5.359856061904325, -0.7819755540998716]}, "19": {"h": [[-0.0, -0.07224771881103516, -0.01660948181152344, 0.26127043914794923], [0.0, 0.8265, 0.6676089019775391, 0.6826727447509766], [0.0, -0.20220410156249985, -0.4234196777343749, -0.5284383544921873]], "r": [-2.8997100099152235, 4.425689826197328, -1.8775592438229778, 4.460322835561889, -2.2863442999615264, 5.042890153553604, -2.3802042677583812]}, "20": {"h": [[-0.0, -0.0749167709350586, -0.0750135498046875, 0.13639201736450196], [0.0, 0.8265, 0.6726296691894531, 0.6867200012207031], [0.0, -0.1949693603515626, -0.4289235839843751, -0.6095324707031251]], "r": [-2.824219022569549, 4.095614787679697, -1.865041055878101, 4.344217137157087, -2.6146736679099805, 4.819534077710987, -4.715068009449214]}, "21": {"h": [[-0.0, -0.07821930694580079, -0.11404336166381836, 0.03252849197387696], [0.0, 0.8265, 0.6802227020263673, 0.6821795501708985], [0.0, -0.18563574218749995, -0.41741979980468763, -0.646426513671875]], "r": [-2.5773760492902196, 4.268708752271165, -1.7177245222918442, 4.240144055198131, -2.692687032292663, 4.838967907070488, 2.0386077687183444]},