{"count": 10, "poses_seq": {"0": {"h": [[-0.0, -0.06213551902770996, -0.16532882118225098, -0.03940762519836426], [0.0, 0.8265, 0.5759737548828125, 0.5041719284057617], [0.0, -0.19256091308593765, -0.2778272705078127, -0.5073172607421876]], "r": [-5.030976168369374, 0.6571529492460114, -0.23538539235012193, 1.5239079582484045, -0.22715986424898948, 4.549627421374298, -0.8515091144951761]}, "1": {"h": [[-0.0, -0.06685843467712402, -0.237392370223999, -0.205465124130249], [0.0, 0.8265, 0.5831996002197266, 0.533823127746582], [0.0, -0.19312817382812503, -0.263160400390625, -0.531460205078125]], "r": [1.4705779021849439, 0.7070999034457703, -0.48394070468387135, 1.5850532854999284, 0.025803781054571397, 4.499386211786728, -0.2245912184284232]}, "2": {"h": [[-0.0, -0.06960693359375, -0.2899869728088379, -0.3589275550842285], [0.0, 0.8265, 0.6316778259277344, 0.6151724090576172], [0.0, -0.19562683105468742, -0.28071276855468735, -0.543982177734375]], "r": [1.4441458353507357, 1.006528273772539, -0.8327702441681679, 1.678379662984993, 0.16841526897761197, 4.375279779455896, -1.3064424566919115]}, "3": {"h": [[-0.0, -0.06928686332702637, -0.2938668956756592, -0.44007972526550293], [0.0, 0.8265, 0.6633831939697266, 0.7072457427978516], [0.0, -0.1882659912109375, -0.29907714843749994, -0.5273574218749999]], "r": [1.6816780860352794, 1.1943193976034503, -0.7666676293286218, 1.8979820161266945, 0.23650129603757303, 4.4954889683297035, -1.2546992523279021]}, "4": {"h": [[-0.0, -0.06768744659423828, -0.27039622116088863, -0.3532978630065918], [0.0, 0.8265, 0.731157455444336, 0.921298095703125], [0.0, -0.19125549316406248, -0.34415368652343764, -0.5259820556640624]], "r": [1.6938881611130139, 1.3587867061658605, -0.5521924596644963, 1.8192797300273207, 0.3169438183500933, 4.168792167111574, -1.5651901486849882]}, "5": {"h": [[-0.0, -0.06712838745117188, -0.22869176101684568, -0.23817119216918944], [0.0, 0.8265, 0.7380265502929688, 0.9584839172363281], [0.0, -0.1840250244140625, -0.3713447265625001, -0.5351728515625]], "r": [1.383022838202184, 1.6159251397216774, -0.7559605373158378, 1.9947732371397824, 0.4261084889816286, 4.4200804190930665, 1.226107817686305]}, "6": {"h": [[-0.0, -0.0653390884399414, -0.16621770858764648, -0.09194372940063478], [0.0, 0.8265, 0.732714324951172, 0.9601578063964844], [0.0, -0.18285742187500015, -0.3950008544921875, -0.5311561279296875]], "r": [1.0070798492267852, 1.5910162034117925, -0.8004950593084785, 1.7412247452662828, 0.5572500838796222, 4.1893392317505675, 1.3676678885947182]}, "7": {"h": [[-0.0, -0.07073052215576171, -0.10439570617675781, 0.04314566040039063], [0.0, 0.8265, 0.7362587585449218, 0.94273583984375], [0.0, -0.1972886962890626, -0.4142474365234377, -0.5255194091796875]], "r": [1.2442275871956674, 1.4810048618271163, -0.49280026100843977, 1.9080974225763974, 0.5552154717397585, 4.456626994430599, 4.2464018645144375]}, "8": {"h": [[-0.0, -0.07084220886230469, -0.04948955917358398, 0.16468339538574217], [0.0, 0.8265, 0.7021886901855469, 0.8596578674316406], [0.0, -0.20282653808593737, -0.41057275390624987, -0.48337292480468746]], "r": [1.2265596107340473, 1.3850392513633882, -0.14608499672463002, 1.9576306845342362, 0.23996101954135882, 4.6483763394533035, -4.990550673670144]}, "9": {"h": [[-0.0, -0.05620387268066406, -0.04260175704956055, 0.2240652313232422], [0.0, 0.8265, 0.6043306274414062, 0.5949359207153321], [0.0, -0.20547058105468757, -0.356253173828125, -0.42983959960937496]], "r": [1.0797751226132877, 0.9997132546767565, -0.050228457117476796, 1.771986285458414, 0.0828845219445056, 4.9095305422392785, -0.8016707545307556]}}, "id": 30}