{"count": 19, "poses_seq": {"0": {"h": [[-0.0, -0.06101046752929688, -0.3263659973144531, -0.5898808288574219], [0.0, 0.8265, 0.6623689880371093, 0.561026840209961], [0.0, -0.14394702148437527, -0.28486840820312503, -0.3911059570312501]], "r": [-0.8701297200163568, 5.086567728089591, -2.6984115756749483, 1.582142730318705, -1.4509376246046368, 5.254906542461265, -1.8001961032999194]}, "1": {"h": [[-0.0, -0.0501692886352539, -0.2909621505737305, -0.5254036788940429], [0.0, 0.8265, 0.7849118309020997, 0.8381096687316895], [0.0, -0.1525777587890625, -0.34577087402343737, -0.5125629882812497]], "r": [-0.9446609997931601, 4.857000020002623, -2.5757758829437876, 1.5215637665786699, -1.756823155564962, 4.910017241411877, 1.2078430171536163]}, "2": {"h": [[-0.0, -0.044613708496093765, -0.24353341674804685, -0.41886572265625], [0.0, 0.8265, 0.7962418098449707, 0.8929533843994141], [0.0, -0.142583251953125, -0.37306445312499986, -0.5824573974609373]], "r": [-1.228941674791975, 4.8413074328555785, -2.78101929037025, 1.4079330063597535, -1.8295930245198335, 4.698294223771771, 0.28070711620179445]}, "3": {"h": [[-0.0, -0.04328866577148438, -0.19735420227050782, -0.32177735900878907], [0.0, 0.8265, 0.7280264663696289, 0.7416748123168946], [0.0, -0.14607348632812506, -0.40021313476562487, -0.6613663330078123]], "r": [-1.537112330345221, 5.009008331043628, -2.926132877621367, 1.415323273432363, -1.6009847437720148, 4.73031940115667, 0.9088615849974844]}, "4": {"h": [[-0.0, -0.04437018585205077, -0.12468314361572266, -0.18617029571533203], [0.0, 0.8265, 0.6567425689697266, 0.5863088836669922], [0.0, -0.1452967529296874, -0.40663146972656233, -0.6850532226562498]], "r": [-1.5415724813961456, 5.28328046527539, -2.6349646378364664, 1.1463287131413253, -1.68601109962989, 4.876761486253512, -2.0311829040301004]}, "5": {"h": [[-0.0, -0.058891021728515625, -0.13049009704589845, -0.12763191223144532], [0.0, 0.8265, 0.7687028312683106, 0.7957415103912353], [0.0, -0.14799035644531272, -0.4317667236328125, -0.703755859375]], "r": [-1.6723488810308818, 5.053012126956427, -2.8499425759433685, 1.1634127243554466, -1.9547368253032225, 4.542927695379839, -0.12157425516179532]}, "6": {"h": [[-0.0, -0.06478025817871094, -0.06715707397460938, -0.012744094848632814], [0.0, 0.8265, 0.8656169815063477, 0.9642704162597657], [0.0, -0.1440759277343751, -0.4503078613281249, -0.6787480468749998]], "r": [-1.7000835918464368, 4.873992777110263, -2.713569007270492, 1.4657534409870316, -1.700558095366469, 4.375473500536314, 1.5085226018783675]}, "7": {"h": [[-0.0, -0.06833462905883789, -0.013342353820800783, 0.06795966339111328], [0.0, 0.8265, 0.7024060592651367, 0.7021757583618164], [0.0, -0.16354113769531226, -0.44255554199218744, -0.6906180419921875]], "r": [-2.052006746456506, 5.11445536960113, -2.868389413837949, 1.4064288070607431, -1.4557730924566767, 4.680814766547518, -1.4665764030169988]}, "8": {"h": [[-0.0, -0.06228486633300781, 0.04209115600585938, 0.2033182373046875], [0.0, 0.8265, 0.7063237915039062, 0.6855803985595703], [0.0, -0.1678283691406251, -0.421642578125, -0.6508110351562499]], "r": [-2.1218380646888972, 5.074920150292772, -2.656452538393694, 1.559202667923625, -1.3727206887739973, 4.930323680826039, 0.13446624382553315]}, "9": {"h": [[-0.0, -0.06586969566345215, 0.0582490177154541, 0.26327976417541504], [0.0, 0.8265, 0.797925121307373, 0.8644539985656738], [0.0, -0.17101562499999995, -0.41688818359374996, -0.5793834228515624]], "r": [-2.091148353382036, 4.837131838846178, -2.517088963918539, 1.8380082318740258, -1.251618995782587, 4.846889864532941, 0.24987332665628545]}, "10": {"h": [[-0.0, -0.06749325561523438, 0.07861749267578125, 0.29312918090820317], [0.0, 0.8265, 0.8688192100524903, 0.9847976989746093], [0.0, -0.1832279052734374, -0.4033795166015624, -0.4990609130859374]], "r": [-1.9523539752188033, 4.579992830485854, -2.168469975594771, 1.848786253567957, -1.48948540015909, 4.892423015377202, -1.6600645203062974]}, "11": {"h": [[-0.0, -0.058019809722900384, 0.13392161560058596, 0.37858970642089845], [0.0, 0.8265, 0.7209071426391602, 0.7094499130249023], [0.0, -0.20367602539062496, -0.3817131347656249, -0.4739569091796874]], "r": [-1.9317289900369643, 4.956621490598449, -1.9188696333535136, 1.5363504840382587, -1.3245735696764727, 4.999198028802152, -1.7320819644019612]}, "12": {"h": [[-0.0, -0.07800394821166992, -0.06442022323608398, 0.15220396804809572], [0.0, 0.8265, 0.7357442626953126, 0.8036979522705079], [0.0, -0.15847851562499998, -0.3856661376953124, -0.5051129150390623]], "r": [-1.6859664199993427, 4.662083963299272, -1.985247636860365, 1.6116084359692562, -1.473299780756284, 5.2279118718068025, -2.9626250989656886]}, "13": {"h": [[-0.0, -0.06683052825927734, -0.13211760711669923, 0.03026396942138672], [0.0, 0.8265, 0.651099105834961, 0.7641049041748047], [0.0, -0.1424864501953123, -0.30600964355468735, -0.46878540039062494]], "r": [-1.6542482515673484, 4.527566781395935, -2.1435674660770823, 1.5803604439229366, -1.4492577129618043, 5.564251831926987, -0.6525932320857715]}, "14": {"h": [[-0.0, -0.06270510864257811, -0.1561212615966797, -0.04903974914550782], [0.0, 0.8265, 0.6131463317871093, 0.7311035461425781], [0.0, -0.15146374511718746, -0.22331823730468764, -0.4257193603515626]], "r": [-1.477227154967129, 4.670911950474032, -2.114113575908069, 1.206314740062543, -1.3971699532182331, 5.388236975729561, 1.2607354570824916]}, "15": {"h": [[-0.0, -0.055355628967285145, -0.147765007019043, -0.13455835723876952], [0.0, 0.8265, 0.6096170654296875, 0.7348606491088867], [0.0, -0.1453907470703129, -0.19832263183593773, -0.4234249267578128]], "r": [-1.2449954284272073, 4.661035007182012, -2.1198009138946166, 1.4873415066454696, -1.2743213455283946, 5.403795455199346, 1.0039569159970727]}, "16": {"h": [[-0.0, -0.04882806396484374, -0.20997750854492186, -0.2810614929199219], [0.0, 0.8265, 0.6476150512695312, 0.7655616607666016], [0.0, -0.1426317138671876, -0.24678979492187497, -0.4632244873046874]], "r": [-1.1263964041273973, 4.609953133075358, -2.297957341222676, 1.731287236376794, -1.497035521181714, 5.470006598236055, 1.9624941404463168]}, "17": {"h": [[-0.0, -0.05841507720947264, -0.2997562789916992, -0.47890294647216797], [0.0, 0.8265, 0.7202085494995117, 0.8210576934814453], [0.0, -0.1448154296875, -0.29745385742187486, -0.4577363281249998]], "r": [-0.8227731140186352, 4.611592124781059, -2.2027833325504966, 1.9551109112458187, -1.6988948041298157, 5.374610078435432, 0.3098090909161587]}, "18": {"h": [[-0.0, -0.0543892822265625, -0.3294613952636719, -0.6057445983886719], [0.0, 0.8265, 0.8034221725463868, 0.8324200038909912], [0.0, -0.1448887939453128, -0.3041335449218752, -0.40127172851562515]], "r": [-0.8044066873455079, 4.511952815408604, -2.596232611144364, 1.843863664962359, -2.0229181563021688, 5.4503638757413055, 3.2381558161581503]}}, "id": 9}