{"count": 15, "poses_seq": {"0": {"h": [[-0.0, -0.05771347808837891, -0.07516300964355468, 0.023607284545898437], [0.0, 0.8265, 1.0827228546142578, 1.3194705963134765], [0.0, -0.17070324707031254, -0.3365869140625, -0.42827233886718746]], "r": [-0.9047307010273188, 4.205130109223458, 3.1280527271495595, 1.6690552430664019, -1.346306139585547, 2.1350702308549954, 0.6819259772258135]}, "1": {"h": [[-0.0, -0.05889878845214844, -0.11223480224609374, -0.08395704650878906], [0.0, 0.8265, 1.0779369354248047, 1.3425841522216797], [0.0, -0.16150122070312506, -0.32583947753906256, -0.4307438964843751]], "r": [-1.1260218237499502, 4.255203363248938, 2.7852375240685827, 1.9275781374545473, -1.612794043918713, 1.9907818242248054, 1.9729874607331888]}, "2": {"h": [[-0.0, -0.06115031051635742, -0.1520143394470215, -0.18827506637573244], [0.0, 0.8265, 1.077042694091797, 1.3449685974121093], [0.0, -0.1579864501953126, -0.32038659667968755, -0.4311014404296874]], "r": [-1.1475416249313304, 4.342505928334961, 2.6967959311296243, 1.919956203594019, -1.7283722512211304, 2.1086471088930807, 3.406026245420709]}, "3": {"h": [[-0.0, -0.05883758544921874, -0.19213668060302735, -0.2965324630737305], [0.0, 0.8265, 1.0545597229003907, 1.3005131072998046], [0.0, -0.16322229003906258, -0.32127001953124995, -0.43728466796874993]], "r": [-0.8376541107067119, 4.306918930818479, 2.656018044817672, 1.9878787416244637, -1.5539158860673994, 1.8492583841767116, -4.639264211787912]}, "4": {"h": [[-0.0, -0.05311066436767577, -0.23349182891845705, -0.41628083038330077], [0.0, 0.8265, 1.0218472747802734, 1.2200420379638672], [0.0, -0.16820239257812492, -0.31817358398437495, -0.42608312988281255]], "r": [-0.5857272552214629, 4.406020476328066, 2.781758158234789, 1.6891491485944228, -1.193988066881361, 1.7945631227551861, -1.121128308841295]}, "5": {"h": [[-0.0, -0.04897345733642579, -0.3022543106079102, -0.5638556900024414], [0.0, 0.8265, 0.955092254638672, 1.0643197021484374], [0.0, -0.1651937255859373, -0.3100230712890622, -0.3932374267578123]], "r": [-0.6051218117023498, 4.669702790397038, 2.5270961775633447, 1.7558953220097782, -1.5423131694850556, 1.7266370372625406, -2.396994991406027]}, "6": {"h": [[-0.0, -0.04701436614990233, -0.34152005767822263, -0.6316601943969726], [0.0, 0.8265, 0.8118385705947877, 0.7866864013671875], [0.0, -0.15986474609374995, -0.31224707031250004, -0.377557861328125]], "r": [-0.4705250629695417, 4.991374047807302, 2.536226823605567, 1.7130076314343812, -1.762027262002633, 1.4847108754922178, -1.8620454968372893]}, "7": {"h": [[-0.0, -0.03597843170166015, -0.2953212203979493, -0.542613151550293], [0.0, 0.8265, 0.9588340911865234, 1.105196044921875], [0.0, -0.1641608886718749, -0.30222229003906237, -0.3745900878906248]], "r": [-0.8110698613723125, 4.661802115618563, 2.4116799313745583, 1.9102523778852558, -1.9076138578442905, 1.8488931608578798, -2.5037077616416963]}, "8": {"h": [[-0.0, -0.043435791015625, -0.2308737106323242, -0.37542220306396484], [0.0, 0.8265, 1.0231969909667968, 1.259543685913086], [0.0, -0.1612441406250001, -0.3081679687499999, -0.39699780273437507]], "r": [-1.122507421407742, 4.349167321069777, 2.3146159966947333, 2.0868732841809865, -1.8426313266573193, 1.8468087121728065, -5.634348975548954]}, "9": {"h": [[-0.0, -0.0425185317993164, -0.1830906448364258, -0.2651948928833008], [0.0, 0.8265, 1.0491084747314452, 1.3149418334960938], [0.0, -0.16509484863281237, -0.3227037353515623, -0.4165053710937499]], "r": [-1.4421559513366966, 4.313601174958146, 2.396161120603255, 2.0331897514427633, -1.9746167677948179, 2.0589626850896168, 0.7105976987774759]}, "10": {"h": [[-0.0, -0.041405349731445315, -0.13456932067871094, -0.1540270233154297], [0.0, 0.8265, 1.0632422943115234, 1.339668731689453], [0.0, -0.16911584472656266, -0.33333483886718757, -0.4269205322265626]], "r": [-1.5336344908875155, 4.29388832097305, 2.461685357947216, 1.916964291673113, -1.700027995183132, 2.0699705633878382, 0.9627554198094782]}, "11": {"h": [[-0.0, -0.0455505599975586, -0.07225680541992188, -0.030769088745117197], [0.0, 0.8265, 1.0739437255859374, 1.3471806488037108], [0.0, -0.17452624511718767, -0.33808361816406257, -0.42817089843749995]], "r": [-1.2595356110117548, 4.1820382991516745, 2.6997764687945014, 1.9795945777268606, -1.513826789971861, 1.8464755609465482, 3.2824554883104167]}, "12": {"h": [[-0.0, -0.02199543762207031, -0.016074417114257812, 0.08162551116943359], [0.0, 0.8265, 1.0554032745361328, 1.315995132446289], [0.0, -0.17097851562499994, -0.33591406249999994, -0.4150252685546874]], "r": [-1.0992109583894045, 3.8992189593739255, 2.8556575102294524, 2.3686854077145862, -1.5706146137889756, 1.5275193313306927, -1.3543023071148255]}, "13": {"h": [[-0.0, -0.041216594696044925, 0.023121822357177736, 0.17749417495727537], [0.0, 0.8265, 1.030123764038086, 1.2569183654785157], [0.0, -0.16914038085937505, -0.33536645507812485, -0.3866025390624999]], "r": [-1.338143018043053, 3.9898684530925306, 2.924084130249154, 1.9945415603516579, -1.3685140649985201, 1.54456473952554, -3.3868578119425146]}, "14": {"h": [[-0.0, -0.05953503227233887, 0.07900639533996581, 0.29938941383361817], [0.0, 0.8265, 1.0003834533691407, 1.1705975036621095], [0.0, -0.1653553466796876, -0.3301840820312499, -0.32522216796875]], "r": [-1.4370478931292978, 3.9940735059075685, 3.1037050997577373, 1.8373001049461972, -1.4709849438340594, 1.4911307713472164, 1.1317690439081964]}}, "id": 6}