{"count": 7, "poses_seq": {"0": {"h": [[-0.0, -0.07192792510986329, -0.30881457138061524, -0.33755892562866213], [0.0, 0.8265, 0.6352543640136719, 0.5590792236328126], [0.0, -0.1922675781249999, -0.2798127441406249, -0.5413685302734375]], "r": [1.2946449330604337, 1.7502844508534712, -0.955646658067031, 1.983745687435725, -0.5594685875492652, 5.032989660780896, -0.7516558397915053]}, "1": {"h": [[-0.0, -0.0724241714477539, -0.31033226013183596, -0.40723838806152346], [0.0, 0.8265, 0.6809749908447266, 0.6717281188964843], [0.0, -0.19444165039062505, -0.292977294921875, -0.5484921875]], "r": [1.5801508629879817, 1.640202708646164, -0.7742199591355052, 2.3570044846234524, -0.31387052231680856, 5.108537062102129, 2.013392955754163]}, "2": {"h": [[-0.0, -0.07061558532714844, -0.24256207656860354, -0.2773152503967285], [0.0, 0.8265, 0.7251035766601562, 0.8834018554687499], [0.0, -0.19036718749999998, -0.37479406738281257, -0.5910943603515626]], "r": [1.457764355490671, 1.8752408213468048, -0.8390905940041248, 2.6215057013854435, 0.0217113247535714, 5.062265535817834, 1.3503591697764554]}, "3": {"h": [[-0.0, -0.06553691864013672, -0.17490131759643557, -0.12508483505249024], [0.0, 0.8265, 0.7297827758789063, 0.9330316162109374], [0.0, -0.1874720458984374, -0.4007325439453125, -0.5775616455078123]], "r": [1.3548807384263535, 1.7906479614046027, -0.7311686418687844, 2.4974978881318273, 0.2975873590010946, 4.974717597833831, 1.027997638881026]}, "4": {"h": [[-0.0, -0.06829894256591797, -0.1328070297241211, -0.031134216308593747], [0.0, 0.8265, 0.7276168060302735, 0.9361406860351562], [0.0, -0.1851439208984374, -0.40599365234375, -0.5555600585937499]], "r": [1.239915595013067, 1.603734883530488, -0.5406241306208817, 2.168428852594807, 0.2972146397919483, 4.6789453140017105, -1.998596684003227]}, "5": {"h": [[-0.0, -0.07463020896911621, -0.08842655563354493, 0.06461553955078125], [0.0, 0.8265, 0.7128089447021484, 0.9093634948730469], [0.0, -0.18692004394531253, -0.41014038085937493, -0.5277248535156249]], "r": [1.2184854929362137, 1.3318615937794278, -0.2738580724565401, 1.7909469552644166, 0.19562866662505551, 4.292119994567552, -2.736016513310416]}, "6": {"h": [[-0.0, -0.0678576889038086, -0.04443211174011231, 0.17230903244018556], [0.0, 0.8265, 0.6919149017333984, 0.84040478515625], [0.0, -0.19160009765625002, -0.3976258544921874, -0.4820966796875]], "r": [1.3659950067386772, 1.1947237456403825, -0.07595531940548755, 1.6409543267581912, 0.3953590271285833, 4.291546186918298, -4.044432293563082]}}, "id": 35}