{"count": 28, "poses_seq": {"0": {"h": [[-0.0, -0.0624029483795166, -0.2648534336090088, -0.27651192665100094], [0.0, 0.8265, 0.6021608428955079, 0.4868064880371094], [0.0, -0.19650366210937503, -0.28492077636718754, -0.5364669189453126]], "r": [0.5299095657309768, 1.9634477915715975, -1.1437778586600158, 0.9665785892497355, -0.999470998805088, 3.7146083308628364, 0.8339056468526632]}, "1": {"h": [[-0.0, -0.061244812011718754, -0.2876379814147949, -0.3881232719421387], [0.0, 0.8265, 0.6290083312988282, 0.540237548828125], [0.0, -0.1949094238281251, -0.28533984375000015, -0.5273706054687499]], "r": [0.7550067805703339, 2.2280294927323734, -1.207885089795853, 1.188681606701649, -0.7116546855568812, 3.8308763853949994, -0.8293064799232778]}, "2": {"h": [[-0.0, -0.06159267425537109, -0.31123987197875974, -0.4832587623596191], [0.0, 0.8265, 0.6602747497558594, 0.6053700103759766], [0.0, -0.19352783203124996, -0.2886661376953124, -0.5030402832031249]], "r": [0.8258557457070294, 2.3702038671371106, -1.289547794874874, 1.199504156035787, -0.46529315239569985, 3.5743266641451568, -1.2529950282148374]}, "3": {"h": [[-0.0, -0.05780582427978516, -0.3406243553161621, -0.5587701377868652], [0.0, 0.8265, 0.7372723693847656, 0.7890128784179687], [0.0, -0.19107092285156263, -0.2911683349609376, -0.4668509521484377]], "r": [0.8843175890300072, 2.349336419127888, -1.1571955364799247, 1.204788970095009, -0.8299801220354744, 3.251838552499699, 1.6870331956191673]}, "4": {"h": [[-0.0, -0.0541803138256073, -0.3374301993846894, -0.613746544599533], [0.0, 0.8265, 0.8105718078613281, 0.8619779968261718], [0.0, -0.1875297851562499, -0.3078721923828123, -0.423503173828125]], "r": [0.9098530173623619, 2.5210155258419618, -1.267983421336486, 1.2140260300591044, -1.1743701139463807, 2.9237680993870825, -0.3996078320215156]}, "5": {"h": [[-0.0, -0.06293412590026855, -0.2600406436920166, -0.49266301918029787], [0.0, 0.8265, 0.7965821838378906, 0.8087188720703125], [0.0, -0.18817248535156256, -0.4257164306640627, -0.6030245361328126]], "r": [0.9549946414443304, 2.1726001662372405, -1.4694949266119637, 1.1271180135472032, -0.824007593965364, 2.56497642878505, -0.03589398168633533]}, "6": {"h": [[-0.0, -0.07873699188232422, -0.21457556533813477, -0.38472294998168943], [0.0, 0.8265, 0.8017279052734375, 0.8171620483398437], [0.0, -0.19266833496093755, -0.4698419189453125, -0.690296875]], "r": [0.7850199689652151, 2.5076784159885355, -1.6940784244392055, 1.1371577515046145, -0.7756067788836306, 2.395591757529625, 0.8766571587354891]}, "7": {"h": [[-0.0, -0.08533473968505859, -0.17923144531250002, -0.26406322479248046], [0.0, 0.8265, 0.8063390808105468, 0.8055569152832032], [0.0, -0.19465332031249988, -0.48932055664062496, -0.7486713867187498]], "r": [0.5911122891891002, 2.7558511447791085, -1.7973617440499843, 1.136954269000737, -0.7196264003502493, 2.4561924382306395, -2.0108244198874203]}, "8": {"h": [[-0.0, -0.07844755554199218, -0.09567295074462889, -0.10718351745605469], [0.0, 0.8265, 0.8182601928710938, 0.7847472534179687], [0.0, -0.19041992187500006, -0.4994210205078125, -0.7722564697265626]], "r": [0.3970036286717407, 2.65072633369465, -1.8563316569129464, 1.1873311087830476, -1.1124616379249193, 2.387440175460947, -3.251317003068202]}, "9": {"h": [[-0.0, -0.07790104675292969, 0.03814073181152344, 0.09086889648437499], [0.0, 0.8265, 0.7876041259765625, 0.7689355468750001], [0.0, -0.20102844238281264, -0.4709500732421877, -0.7387080078125001]], "r": [0.13435217212802267, 2.5903099908205998, -1.9142197101802256, 1.2678662725507757, -1.4727553769173127, 2.2595318897118126, 4.633891294023037]}, "10": {"h": [[-0.0, -0.07525757026672364, 0.06577078247070313, 0.19458876037597655], [0.0, 0.8265, 0.7711044616699219, 0.7675168457031251], [0.0, -0.20852758789062503, -0.45034667968750003, -0.6920185546875]], "r": [0.13442599418996268, 2.6118533987278143, -2.1745737646347294, 1.2480079779657138, -1.3838030886594446, 1.9529684649863592, -2.453356173932501]}, "11": {"h": [[-0.0, -0.07293952369689942, 0.09737867736816405, 0.28697358703613285], [0.0, 0.8265, 0.7501407165527344, 0.7596973571777343], [0.0, -0.2112674560546875, -0.42787097167968763, -0.6297718505859375]], "r": [0.029679232134964137, 2.5495265216030885, -2.229100204037031, 1.1569367454473398, -1.2938073607946319, 1.7822947722816307, -4.389577057981867]}, "12": {"h": [[-0.0, -0.06803148651123048, 0.1246599884033203, 0.36228858947753906], [0.0, 0.8265, 0.7410276489257812, 0.7700418395996094], [0.0, -0.21390966796875005, -0.39873010253906266, -0.5454465332031251]], "r": [-0.056621522842195904, 2.381862141830206, -2.2311458528658012, 1.3725296859661928, -1.58113594083321, 1.5699367492193548, -0.24121865186834696]}, "13": {"h": [[-0.0, -0.06466983318328857, 0.1401094055175781, 0.41883264160156247], [0.0, 0.8265, 0.7298606872558594, 0.7668654937744142], [0.0, -0.20971301269531267, -0.3787305908203125, -0.43615771484375015]], "r": [-0.053370634752721975, 2.495838797883699, -2.5826878181349806, 1.495473808471088, -1.6737929672298206, 1.2464076754018627, -1.0052030417236006]}, "14": {"h": [[-0.0, -0.0653111801147461, 0.12377619934082029, 0.3993302764892578], [0.0, 0.8265, 0.7354435424804688, 0.7656638793945313], [0.0, -0.21195202636718752, -0.37144519042968743, -0.347242919921875]], "r": [-0.09802003478973348, 2.409554448876648, -2.4970656788055807, 1.5844500146570415, -1.7701332564741872, 1.027450934027162, 0.005841930766751158]}, "15": {"h": [[-0.0, -0.07048571968078614, 0.10449056243896485, 0.3654341812133789], [0.0, 0.8265, 0.7353388671875001, 0.7624566955566406], [0.0, -0.21027575683593752, -0.3642723388671874, -0.26278955078124994]], "r": [0.10316083661183736, 2.1373888966253167, -2.113077754446826, 1.457801299325034, -1.7082318652003035, 0.6538623797028835, 2.507999529279271]}, "16": {"h": [[-0.0, -0.07138366699218751, 0.06968857192993164, 0.36526189041137697], [0.0, 0.8265, 0.7543916625976563, 0.772724594116211], [0.0, -0.21456921386718758, -0.41188708496093757, -0.3815577392578125]], "r": [0.35333773529894474, 2.067960288265117, -2.0857987303881296, 1.3714870873364686, -1.3885509874832045, 0.6488880618164516, 1.0065755174444961]}, "17": {"h": [[-0.0, -0.07340026092529296, 0.07174106216430665, 0.35357550430297857], [0.0, 0.8265, 0.7550391845703125, 0.7677968139648437], [0.0, -0.2123284912109374, -0.4304483642578126, -0.48694079589843736]], "r": [0.6620368094944586, 1.9035402476622159, -1.79720934742053, 1.730608945255728, -1.3085485544157371, 0.6204985118768149, 3.8998913446524095]}, "18": {"h": [[-0.0, -0.07401809120178222, 0.035161422729492194, 0.2808250503540039], [0.0, 0.8265, 0.7519100646972656, 0.7642349243164063], [0.0, -0.21410363769531254, -0.46049841308593736, -0.6138128662109374]], "r": [0.9677332273884423, 1.8624501022755906, -1.7868526055712217, 2.033741647342539, -1.1169501574457077, 0.6115328393090647, -4.076211003505353]}, "19": {"h": [[-0.0, -0.07686581230163574, 0.01843740081787109, 0.19029988098144532], [0.0, 0.8265, 0.7685597229003907, 0.7692525787353516], [0.0, -0.211979248046875, -0.4882503662109375, -0.7032111816406248]], "r": [1.1052260839971721, 1.737779999821157, -1.6776259881382187, 2.1923382660088033, -1.3274229339563088, 0.8390267952946078, 0.0880585875085278]}, "20": {"h": [[-0.0, -0.07675866889953613, 0.0025692520141601533, 0.08759799194335938], [0.0, 0.8265, 0.7763901672363281, 0.7555269927978516], [0.0, -0.21126000976562503, -0.47488549804687513, -0.7322276611328125]], "r": [1.171730918951412, 1.692175513133381, -1.6925439440964216, 2.3817709874065804, -1.6108545453849044, 0.9780189934199924, 2.238124885537095]}, "21": {"h": [[-0.0, -0.08011592102050781, -0.038847732543945315, -0.046103924751281736], [0.0, 0.8265, 0.7921925659179687, 0.7518183593750001], [0.0, -0.20496630859374992, -0.5013680419921873, -0.7738436279296874]], "r": [1.236944751713519, 1.6726369446334384, -1.7591375068984874, 2.0802120995817086, -1.5254767703937424, 1.1180722873582927, 2.87308510898866]},