{"count": 19, "poses_seq": {"0": {"h": [[-0.0, -0.033469970703125, -0.07498255920410156, 0.1447129020690918], [0.0, 0.8265, 0.5826105346679687, 0.5640382041931152], [0.0, -0.18116699218749993, -0.27241735839843756, -0.49004797363281255]], "r": [1.3387275814089803, 2.46476005123619, -0.2378483255696432, 4.18725178355671, 0.10428608402520462, 0.7899689873570236, 0.18508526055295302]}, "1": {"h": [[-0.0, -0.03738660049438477, -0.06559538459777832, 0.2020366039276123], [0.0, 0.8265, 0.6073626861572266, 0.6663278198242187], [0.0, -0.16567663574218755, -0.3034527587890626, -0.45417187500000017]], "r": [1.1092089762116288, 2.6233441111613014, -0.08837153791674328, 4.087024648530483, 0.1295099395913155, 0.7691141578853795, 1.821974497356432]}, "2": {"h": [[-0.0, -0.050956779479980466, -0.10039630126953125, 0.0736410675048828], [0.0, 0.8265, 0.6848069305419922, 0.9305164184570313], [0.0, -0.17144824218749993, -0.36553356933593745, -0.4650605468749998]], "r": [1.0813359053008635, 2.9110044155296597, 0.01225940174436964, 3.688352149612455, 0.5008380727391035, 0.8462929704927914, -0.21064236721964266]}, "3": {"h": [[-0.0, -0.062044416427612305, -0.11205498695373535, -0.019866281509399415], [0.0, 0.8265, 0.6752729949951172, 0.9437266845703125], [0.0, -0.16608874511718758, -0.34232080078125, -0.4831358642578126]], "r": [1.0486988537684396, 3.1057421136472274, 0.06684768657095119, 4.0196136517585215, 0.6745555201736172, 1.1869794983065451, 1.6003777556280452]}, "4": {"h": [[-0.0, -0.0770248155593872, -0.1420718812942505, -0.10431638813018798], [0.0, 0.8265, 0.6363558807373046, 0.8934979553222656], [0.0, -0.1922512207031249, -0.34846496582031256, -0.47992651367187494]], "r": [0.8496528758457507, 2.9107293230344515, 0.42129821114877813, 4.196895925376392, 0.9953108281672409, 1.0779649406356684, 1.3992743395687175]}, "5": {"h": [[-0.0, -0.06811297607421875, -0.14198760223388673, -0.16105719757080078], [0.0, 0.8265, 0.6332325592041016, 0.8616697387695312], [0.0, -0.18107312011718762, -0.3280445556640626, -0.5166048583984375]], "r": [1.190487439150356, 2.7101062397279048, 0.2375104407083835, 4.095246221675759, 1.1159811177418901, 0.9500457976510847, -0.6524093179380559]}, "6": {"h": [[-0.0, -0.0541276240348816, -0.10711905241012573, -0.09488762235641479], [0.0, 0.8265, 0.5912091674804687, 0.5867553024291993], [0.0, -0.18082995605468738, -0.2428079833984374, -0.5650649414062499]], "r": [1.2297120542599256, 2.511530549565478, 0.08366590579399892, 4.416485917536869, 0.8093117667725971, 1.052332353865529, 1.9275862266144066]}, "7": {"h": [[-0.0, -0.056881911277770994, -0.005288947105407715, 0.08253840351104735], [0.0, 0.8265, 0.5665154418945313, 0.5590451889038086], [0.0, -0.18083911132812497, -0.31767871093750016, -0.5777922363281249]], "r": [1.2965655463693742, 2.424741677713655, -0.25473387779215917, 4.106159053323592, 0.5324378067478843, 0.8402878310333832, -0.9855263175585558]}, "8": {"h": [[-0.0, -0.06124837303161621, -0.0026332111358642572, 0.16280420875549315], [0.0, 0.8265, 0.5897628936767578, 0.5936140289306641], [0.0, -0.1875134277343749, -0.3342642822265625, -0.550328857421875]], "r": [1.077923201084754, 2.6732589490874425, -0.08202742243718951, 4.252680407574287, 0.4104325890015898, 1.149251901325406, -2.9325727898746354]}, "9": {"h": [[-0.0, -0.06145011329650879, 0.028198804855346676, 0.253715612411499], [0.0, 0.8265, 0.6285511932373047, 0.663486557006836], [0.0, -0.18482714843749998, -0.36400146484375, -0.5185186767578125]], "r": [1.2346564210431665, 2.824730648570129, -0.43864441097831725, 4.238083132247835, 0.34220124568825844, 1.2547994681267223, -0.14095289913478015]}, "10": {"h": [[-0.0, -0.07197945594787597, 0.010741050720214841, 0.23634645843505858], [0.0, 0.8265, 0.7148900451660156, 0.84831005859375], [0.0, -0.1912976074218749, -0.4036967773437499, -0.489027587890625]], "r": [1.0556974615819898, 2.897798078819623, -0.4555495774541447, 3.9246545381742424, 0.6738060546897623, 1.0546679142538005, -2.3974467561017727]}, "11": {"h": [[-0.0, -0.0814395294189453, -0.08477330017089843, 0.05546503067016602], [0.0, 0.8265, 0.7269919128417969, 0.9443376770019531], [0.0, -0.149663330078125, -0.39416259765625, -0.4948558349609374]], "r": [1.2315379209464115, 2.9825886786605507, -0.17706181039011476, 3.743597913168269, 0.5452325336711457, 1.0333149634260228, -4.665706081098155]}, "12": {"h": [[-0.0, -0.06950577545166016, -0.13166876602172853, -0.03767903518676758], [0.0, 0.8265, 0.7316214294433594, 0.9610383300781251], [0.0, -0.17705419921875004, -0.4034400634765625, -0.52843798828125]], "r": [1.3358290394218053, 2.9327671936678654, -0.18302109263774977, 3.680014943156318, 0.7114598423546847, 1.0575624255348284, 2.2345291636247713]}, "13": {"h": [[-0.0, -0.07971566009521484, -0.18526315307617186, -0.13505514526367188], [0.0, 0.8265, 0.7265831451416016, 0.9549736022949219], [0.0, -0.18256323242187517, -0.38469738769531264, -0.5325583496093751]], "r": [1.5537125563168046, 3.0688268012883535, -0.06288382765811036, 3.8997668427711405, 0.45400443585031725, 1.3500145765790217, 1.7629205754455946]}, "14": {"h": [[-0.0, -0.07787773132324219, -0.21945895767211912, -0.23388327407836912], [0.0, 0.8265, 0.7163041076660157, 0.9353869628906251], [0.0, -0.18314648437499997, -0.37170617675781253, -0.5356555175781248]], "r": [1.3611620394232675, 2.910682445653167, 0.17483678308979325, 3.9142212709961517, 0.8423859991735534, 1.2512561437391334, 3.09813757107747]}, "15": {"h": [[-0.0, -0.08726541328430176, -0.26084332466125487, -0.3414933032989502], [0.0, 0.8265, 0.7076183471679687, 0.9067809753417968], [0.0, -0.17643041992187497, -0.35890380859375, -0.5310063476562499]], "r": [1.7382423660528474, 2.967391395533486, -0.06738645961867148, 4.069380770243125, 0.7954911371792569, 1.4175126320674378, 5.828900809512596]}, "16": {"h": [[-0.0, -0.07724507427215577, -0.2666033811569214, -0.429897234916687], [0.0, 0.8265, 0.6671348724365235, 0.8045483703613281], [0.0, -0.18021386718749982, -0.3510250244140625, -0.5281136474609374]], "r": [1.7951226943325498, 2.731109878184094, 0.16700999406493125, 3.944710317440827, 0.6385700460426531, 1.2588185178275682, 1.8828282334548674]}, "17": {"h": [[-0.0, -0.07436610412597656, -0.2120921630859375, -0.3601442413330078], [0.0, 0.8265, 0.569676971435547, 0.5480920886993408], [0.0, -0.17687719726562517, -0.29995605468750003, -0.53028662109375]], "r": [1.8122884112656799, 2.6197832330739463, 0.22738668168849047, 4.262673770449599, 0.28390522419651576, 1.3404769280775326, 1.667451452159328]}, "18": {"h": [[-0.0, -0.0702985782623291, -0.18393135261535645, -0.21987053108215332], [0.0, 0.8265, 0.5373903198242187, 0.47524888229370116], [0.0, -0.18530712890625006, -0.2908773193359376, -0.5559547119140624]], "r": [1.4450025680984682, 2.473849651216206, 0.2287646924288014, 4.455980537226955, 0.5141803664989038, 1.2968451206031562, 3.7879969528513295]}}, "id": 11}