{"count": 31, "poses_seq": {"0": {"h": [[-0.0, -0.055732894897460944, -0.31911309814453126, -0.5246224365234375], [0.0, 0.8265, 0.6509999542236329, 0.5445493621826172], [0.0, -0.13273620605468733, -0.23275756835937483, -0.4190916748046876]], "r": [-1.0964916522623045, 4.599917792229705, -1.819403612639956, 3.714329995778074, 3.639909158756343, 5.631480090804396, 2.8349874549825302]}, "1": {"h": [[-0.0, -0.05583837890625, -0.2904901580810547, -0.3976722259521484], [0.0, 0.8265, 0.6443275451660156, 0.5461126403808594], [0.0, -0.13697045898437504, -0.22883410644531238, -0.48168847656249986]], "r": [-1.3458887590021413, 4.440403115675666, -1.9435272176307927, 3.822302723081675, -2.820526989524556, 5.6348552051189955, 5.538047406275407]}, "2": {"h": [[-0.0, -0.055224510192871085, -0.2780551528930664, -0.2748056411743164], [0.0, 0.8265, 0.6412981872558594, 0.6184417266845703], [0.0, -0.13762304687499977, -0.23867089843749972, -0.514867431640625]], "r": [-1.6567744598266172, 4.545730602469647, -1.6518743416433412, 4.053343519098821, -2.6127475427700477, 5.439964947273532, 1.842389248212149]}, "3": {"h": [[-0.0, -0.05180447387695314, -0.2735565032958984, -0.2602834320068359], [0.0, 0.8265, 0.7511702957153321, 0.8778782272338868], [0.0, -0.1377843017578127, -0.2591314697265628, -0.4908497314453127]], "r": [-1.6254416494731114, 4.265720556033268, -1.5743852582167626, 3.7268116574490264, -2.29411728336252, 5.336222133236558, 3.3814602911690623]}, "4": {"h": [[-0.0, -0.04921266937255861, -0.3020394973754883, -0.3388408279418945], [0.0, 0.8265, 0.7939572143554687, 0.9875466918945313], [0.0, -0.13855126953125013, -0.27445336914062507, -0.4439992675781251]], "r": [-1.5854965963529144, 4.138087574940057, -1.7946017001321142, 3.932857124378328, -1.90785485860965, 5.1622936306408524, -2.70253787475446]}, "5": {"h": [[-0.0, -0.049403015136718756, -0.3213268280029297, -0.418221420288086], [0.0, 0.8265, 0.826327754855156, 1.0226767730712891], [0.0, -0.13808117675781234, -0.27468444824218735, -0.4186002197265624]], "r": [-1.2682221771453903, 4.244434701956749, -1.6819351930439155, 3.9296232211323625, -1.7089875151059761, 5.153475113086408, -0.5742616312069225]}, "6": {"h": [[-0.0, -0.048584579467773434, -0.33152391052246094, -0.509129165649414], [0.0, 0.8265, 0.8291277275085449, 1.0161619110107423], [0.0, -0.13867980957031262, -0.26202600097656253, -0.3852579345703125]], "r": [-1.2939106736749624, 4.215286014746088, -1.795731751993105, 4.078417295396526, -1.7492796386635605, 5.032587461132759, -2.254955506127823]}, "7": {"h": [[-0.0, -0.04671190643310548, -0.35759664154052734, -0.6314180526733398], [0.0, 0.8265, 0.8185038743019104, 0.9009677047729492], [0.0, -0.13779248046874965, -0.2552852783203124, -0.3404479980468747]], "r": [-1.0957107410906106, 4.338168087241245, -1.9179941529043838, 4.034539387125683, -1.8251204071948444, 5.132705771832905, -2.814675226567258]}, "8": {"h": [[-0.0, -0.04893889617919922, -0.3455145034790039, -0.6229222793579101], [0.0, 0.8265, 0.6911891021728516, 0.6151309967041017], [0.0, -0.13548303222656238, -0.2510513916015625, -0.34408190917968745]], "r": [-0.9496098015118896, 4.6926885718759355, -1.982754788818846, 4.210825575689191, -1.8340544318612244, 5.484928708629089, -5.804544013568152]}, "9": {"h": [[-0.0, -0.05253864288330079, -0.3034662246704102, -0.5284819717407226], [0.0, 0.8265, 0.6334266967773438, 0.509235336303711], [0.0, -0.1357908935546875, -0.246526123046875, -0.3990589599609376]], "r": [-1.0547045800878934, 4.744300240582823, -2.0576752170138732, 4.163935361738721, -2.015830585821157, 5.658334513345441, 1.4005124768439134]}, "10": {"h": [[-0.0, -0.050923973083496096, -0.27651277923583983, -0.45256966400146487], [0.0, 0.8265, 0.6186170501708984, 0.49610438537597656], [0.0, -0.1273702392578125, -0.23522167968750002, -0.4398470458984374]], "r": [-1.1282978782893291, 4.8129933942482, -1.735612469239423, 4.053403429855752, -2.2802428731182576, 5.6937813820508465, 1.7679542739531657]}, "11": {"h": [[-0.0, -0.051653945922851566, -0.25430267333984374, -0.33358767700195313], [0.0, 0.8265, 0.622184310913086, 0.5695932922363282], [0.0, -0.12903002929687518, -0.2393376464843751, -0.5149444580078126]], "r": [-1.2065611730502834, 4.887411560067379, -1.362720464973889, 4.3343861398365355, -2.003899565577665, 5.6041307950960055, 0.5785017406362529]}, "12": {"h": [[-0.0, -0.05113539123535156, -0.25524798583984376, -0.24616622924804688], [0.0, 0.8265, 0.6813712768554687, 0.7464827728271484], [0.0, -0.12775305175781276, -0.24233996582031253, -0.5161616210937501]], "r": [-1.422332838996904, 4.621815101367624, -1.480355874160438, 4.5082354266350775, -1.726119378531552, 5.457000233997394, 3.466310941497594]}, "13": {"h": [[-0.0, -0.04789624023437501, -0.28477566528320314, -0.29749118041992184], [0.0, 0.8265, 0.8027269725799561, 1.0045194091796876], [0.0, -0.12802294921875018, -0.2844135742187502, -0.44344653320312505]], "r": [-1.3731961062440652, 4.301110252557079, -1.4608505556275728, 4.355589917353934, -1.471345010323381, 5.177523491801139, -5.8700607996034275]}, "14": {"h": [[-0.0, -0.04572711944580078, -0.30234008026123044, -0.36524254608154294], [0.0, 0.8265, 0.8283901517391205, 1.0422526245117187], [0.0, -0.13330749511718737, -0.2837303466796875, -0.4191866455078124]], "r": [-1.2059427782407197, 4.282048683895432, -1.3631283319036962, 4.586903478913898, -1.1731129365276982, 5.157434509281318, -0.722943221606788]}, "15": {"h": [[-0.0, -0.045375648498535176, -0.322121467590332, -0.4544592361450196], [0.0, 0.8265, 0.8451277275085449, 1.053234848022461], [0.0, -0.13853088378906248, -0.27419384765625027, -0.3863487548828127]], "r": [-1.29867262412501, 4.355144256184108, -1.4149139388668655, 4.653109861151527, -1.36144687243911, 4.835585954536303, -2.316762211672979]}, "16": {"h": [[-0.0, -0.04672781372070313, -0.343730712890625, -0.5780185852050781], [0.0, 0.8265, 0.8418101997375489, 0.9956814727783203], [0.0, -0.13634118652343769, -0.2501962890625001, -0.33625256347656257]], "r": [-1.2231544910001182, 4.58032875980968, -1.299357356562151, 4.9070738826185725, -1.3314865879345286, 4.496850670412335, -1.73477614102361]}, "17": {"h": [[-0.0, -0.046688690185546874, -0.367177978515625, -0.6631239013671875], [0.0, 0.8265, 0.7989946460723877, 0.8284789409637452], [0.0, -0.1370737304687502, -0.24289855957031264, -0.28693896484375]], "r": [-1.3460988968208092, 4.587629610568295, -1.639457422383316, 4.97888820598856, -1.54044018377972, 4.446701161687344, -4.022607892259801]}, "18": {"h": [[-0.0, -0.0519771728515625, -0.3305538330078125, -0.5955199890136719], [0.0, 0.8265, 0.6425747680664062, 0.50525341796875], [0.0, -0.13864611816406242, -0.2464499511718748, -0.3006945800781247]], "r": [-1.6386719645405265, 4.888483351840641, -2.016137484708013, 5.340046879076446, -1.6177867529591738, 4.317624412624637, 1.1122489408173262]}, "19": {"h": [[-0.0, -0.056384872436523445, -0.23359295654296874, -0.42038818359375], [0.0, 0.8265, 0.5628937988281251, 0.3787625732421875], [0.0, -0.1417292480468751, -0.27831872558593745, -0.4274866943359375]], "r": [-1.965487416441932, 5.271544727324795, -2.210340262994591, 5.41793213570126, -1.7142043766791601, 4.495621889648185, -0.911835254546404]}, "20": {"h": [[-0.0, -0.048744384765624996, -0.11734741210937501, -0.1499397888183594], [0.0, 0.8265, 0.5603338012695314, 0.43487994384765627], [0.0, -0.13687902832031257, -0.3270510253906252, -0.5939656982421877]], "r": [-2.311316941434624, 5.151055754880044, -2.131688052561703, 5.515110235563423, -1.5021018218124442, 4.699777637936714, -3.0751491440975314]}, "21": {"h": [[-0.0, -0.057103111267089834, -0.07481725311279297, 0.0015310668945312522], [0.0, 0.8265, 0.58376953125, 0.4843528900146485], [0.0, -0.13858129882812503, -0.35091235351562494, -0.6089069824218749]], "r": [-2.4618029549209064, 4.912513904413987, -2.1699121788202507, 5.222558635393467, -1.741309817113098, 4.9074898064104815, -0.8816070533019777]},