{"count": 10, "poses_seq": {"0": {"h": [[-0.0, -0.07880736923217774, -0.03835222244262696, 0.15893499374389647], [0.0, 0.8265, 0.701330078125, 0.6918611602783203], [0.0, -0.15521765136718751, -0.42845520019531264, -0.5961815185546875]], "r": [-2.016004613965385, 4.807281629916531, -0.931005809484804, 5.537868785916912, -0.7357456606254157, 5.3776987025819025, -0.09498153901760342]}, "1": {"h": [[-0.0, -0.07297789764404297, -0.13294583892822265, -0.006861335754394529], [0.0, 0.8265, 0.8260040783882141, 0.8958663864135742], [0.0, -0.1434499511718748, -0.42503735351562494, -0.63486474609375]], "r": [-1.8731269333436211, 4.580000645983645, -0.7770830700843677, 5.304047820677054, -0.42425037322336984, 5.0545066274779185, -2.131348647418824]}, "2": {"h": [[-0.0, -0.06927517700195313, -0.18026004028320314, -0.13034518432617187], [0.0, 0.8265, 0.7943324012756348, 0.8796659355163574], [0.0, -0.1420422363281249, -0.4019986572265624, -0.6325578613281249]], "r": [-1.6092389498756343, 4.685511663068815, -0.6180826026956854, 5.328074090294093, -0.40489105608192527, 4.948101678104818, -2.33944243739274]}, "3": {"h": [[-0.0, -0.06696600341796875, -0.25345819091796873, -0.26053619384765625], [0.0, 0.8265, 0.7299614791870117, 0.7464897842407227], [0.0, -0.14612182617187514, -0.4122791748046875, -0.6702592773437499]], "r": [-1.556303326719597, 4.9170206881668745, -0.6719123425703333, 5.503546567140941, -0.22970732538071575, 4.916805365055908, -4.974117687664867]}, "4": {"h": [[-0.0, -0.06710597229003906, -0.28463578796386724, -0.3700308990478516], [0.0, 0.8265, 0.7850518112182617, 0.8647407073974609], [0.0, -0.1431478271484375, -0.36261096191406234, -0.5962203369140624]], "r": [-1.1700422844464016, 4.6346341497899495, -0.330838575378733, 5.269264003278763, -0.05574116963732947, 5.149479854900977, 0.3022819844055127]}, "5": {"h": [[-0.0, -0.064023193359375, -0.29163987731933594, -0.45195518493652337], [0.0, 0.8265, 0.7007896270751952, 0.748034797668457], [0.0, -0.14608386230468745, -0.3224710693359372, -0.5393103027343749]], "r": [-0.774549616508182, 4.938290698758711, -0.1592693201633845, 5.481225014404994, -0.37496512681428956, 5.011669276022231, 1.9112969732032827]}, "6": {"h": [[-0.0, -0.055199150085449206, -0.22590732574462888, -0.31333783721923825], [0.0, 0.8265, 0.6423420867919922, 0.7019058227539063], [0.0, -0.1648585205078124, -0.34538818359374984, -0.6079320068359373]], "r": [-0.6808319929132546, 4.8723631975844395, 0.14782758899329979, 5.534695071884786, -0.588770980660376, 5.082314944089867, 2.5040971346587333]}, "7": {"h": [[-0.0, -0.04287091827392579, -0.17627164459228517, -0.1873708572387695], [0.0, 0.8265, 0.6294757995605469, 0.6721655731201173], [0.0, -0.16450891113281224, -0.3704013671875, -0.6319694824218749]], "r": [-0.7655184332592087, 4.887979005660963, 0.4975503462644384, 5.675082969478313, -0.26444556758680826, 5.010343838363819, 0.5799212707173514]}, "8": {"h": [[-0.0, -0.04023980712890625, -0.11878602600097656, -0.059960479736328134], [0.0, 0.8265, 0.6229568023681641, 0.6638489837646484], [0.0, -0.16526281738281262, -0.3591409912109374, -0.6011624755859375]], "r": [-0.7858632589210702, 4.637959200202221, 0.7268486568477587, 5.744389648100282, -0.32958222239974544, 5.090499111854947, -2.1851291052698407]}, "9": {"h": [[-0.0, -0.03985974884033204, -0.040768257141113276, 0.10485482025146484], [0.0, 0.8265, 0.6570178833007813, 0.6987597808837891], [0.0, -0.15295996093749992, -0.38830847167968746, -0.5926005859375001]], "r": [-1.141897951680215, 4.427341265331339, 0.7847668811312193, 5.648537713417724, -0.3905640345980854, 5.343365405830732, -3.215014905052238]}}, "id": 10}