{"count": 8, "poses_seq": {"0": {"h": [[-0.0, -0.0733328857421875, -0.12545570373535156, -0.23127199554443362], [0.0, 0.8265, 0.55974853515625, 0.42320248413085937], [0.0, -0.18930712890625007, -0.35257373046875, -0.598574951171875]], "r": [2.2824044456931043, 1.812839817508316, -0.03836391244498441, 4.693569995886285, 1.6806665664619553, 5.673822021682325, 1.2636364133484792]}, "1": {"h": [[-0.0, -0.06815552520751952, -0.05541039657592774, -0.06914217758178712], [0.0, 0.8265, 0.5680957946777344, 0.5044450378417968], [0.0, -0.1881520996093749, -0.38406921386718734, -0.6643857421874999]], "r": [2.1752590430886825, 1.9940061503318522, -0.2859275813220642, 4.3666401068581955, 1.9582309785045389, 5.406531241127564, -1.6900386924985034]}, "2": {"h": [[-0.0, -0.0696063232421875, 0.010842384338378905, 0.07321794891357422], [0.0, 0.8265, 0.6231874237060547, 0.6193318176269531], [0.0, -0.1912573242187499, -0.396982177734375, -0.664256591796875]], "r": [1.8468111791321715, 2.369313170042944, 0.07075022492720698, 4.2055086298347355, 2.0124962295122306, 5.309719027483696, -0.05284062517844221]}, "3": {"h": [[-0.0, -0.06692939758300781, 0.043918750762939454, 0.20760332107543944], [0.0, 0.8265, 0.6590152587890625, 0.7113309631347657], [0.0, -0.1984014892578126, -0.40484948730468756, -0.6146811523437499]], "r": [1.617534857568607, 2.425752718951641, 0.18680488903143744, 4.376824743659059, 1.6452080405916663, 5.399887512338655, 0.5467489261184805]}, "4": {"h": [[-0.0, -0.06923079872131348, 0.07550135040283203, 0.28805443572998046], [0.0, 0.8265, 0.6813942260742187, 0.7731634063720704], [0.0, -0.20666760253906263, -0.4038168945312502, -0.5531571044921875]], "r": [1.3448267661486617, 2.3595689460178417, 0.2938487043237644, 4.379363973112819, 1.2832752650731725, 5.662504459454512, -1.992082145053267]}, "5": {"h": [[-0.0, -0.07013191413879394, 0.11028054046630861, 0.3520172958374024], [0.0, 0.8265, 0.6990375061035157, 0.8121227722167969], [0.0, -0.20975695800781252, -0.38151000976562505, -0.4633997802734376]], "r": [1.146906038381258, 2.4920665285451538, 0.39893764061484155, 4.63526918084315, 1.2283798020084495, 5.6489507729475745, -3.6366226365660324]}, "6": {"h": [[-0.0, -0.06999492740631104, 0.13828690338134766, 0.4010190505981446], [0.0, 0.8265, 0.6986540985107421, 0.7943638610839844], [0.0, -0.21370581054687504, -0.34180993652343755, -0.3263226318359376]], "r": [1.0329672660384996, 2.5075600126167306, 0.13476182241658702, 4.676839938365436, 1.4864831858680951, 5.693914150711859, 0.3498210198867152]}, "7": {"h": [[-0.0, -0.06979171657562255, 0.1301818199157715, 0.40335128402709963], [0.0, 0.8265, 0.6642737426757812, 0.7021686553955078], [0.0, -0.21295825195312507, -0.31196264648437505, -0.2108930664062501]], "r": [0.8796349822825815, 2.5615519257156234, 0.28501938250187103, 5.022098690252702, 1.8329028000220033, 5.5921851439930395, 1.0499199574093858]}}, "id": 48}