{"count": 37, "poses_seq": {"0": {"h": [[-0.0, -0.05618826246261596, 0.0971949920654297, 0.3424252014160156], [0.0, 0.8265, 0.6006456298828126, 0.4709017181396485], [0.0, -0.20055541992187492, -0.35037182617187496, -0.464872802734375]], "r": [-4.748775320711853, 1.0895930090444534, 0.35696186740381347, 1.794298710141463, -2.5051701205342156, 1.1922357397885075, 2.511147315946877]}, "1": {"h": [[-0.0, -0.05033390045166016, 0.1398265914916992, 0.4275843276977539], [0.0, 0.8265, 0.6681685180664063, 0.6026659545898438], [0.0, -0.21301928710937507, -0.3630002441406251, -0.39981689453124997]], "r": [1.2033959199041477, 1.4426341584592244, 0.26831896035828173, 2.0891784304118515, -2.487951258825536, 0.9414137806960748, 4.933722961949482]}, "2": {"h": [[-0.0, -0.0654710636138916, 0.08485138702392578, 0.34599556732177733], [0.0, 0.8265, 0.7924407348632813, 0.8633606872558595], [0.0, -0.22149072265624997, -0.43791296386718753, -0.49471557617187495]], "r": [1.4448133510919174, 1.6990463596533305, 0.44830952273753744, 2.3850965852312513, -2.8619636066652165, 1.2679398172103236, -0.2964549774916168]}, "3": {"h": [[-0.0, -0.07442393493652344, -0.002756721496582029, 0.22200960540771483], [0.0, 0.8265, 0.7940181579589844, 0.8998416137695313], [0.0, -0.20303393554687493, -0.4695720214843749, -0.5949101562499999]], "r": [1.8165391642325843, 1.9230956450553591, 0.6121476440412648, 2.542087519461467, -2.732302941556231, 1.2203125251014555, -1.977283747597406]}, "4": {"h": [[-0.0, -0.08726142883300782, -0.10180559158325195, 0.06201556015014649], [0.0, 0.8265, 0.7917884826660156, 0.9183038330078125], [0.0, -0.18776660156249997, -0.4624779052734374, -0.6436131591796874]], "r": [2.005645338069955, 1.6918812224576678, 0.3026628077382444, 2.2735503879501526, -2.5945447602000455, 1.5207829390135903, -2.5435469800155084]}, "5": {"h": [[-0.0, -0.06700233459472657, -0.17893323135375977, -0.09457378005981446], [0.0, 0.8265, 0.8092993774414062, 0.9484939575195312], [0.0, -0.1944049072265624, -0.44238598632812504, -0.6602095947265625]], "r": [2.1427946193777436, 1.5156299084512357, 0.02719162713273301, 1.9408763389901957, -2.2481337278030797, 1.878640524151754, -0.895117594180942]}, "6": {"h": [[-0.0, -0.083905029296875, -0.24173893737792967, -0.24416627502441404], [0.0, 0.8265, 0.776485610961914, 0.9256033325195312], [0.0, -0.17976965332031242, -0.3931728515625, -0.6206932373046874]], "r": [2.0894070612887603, 1.4376964965481849, -0.1322674728913399, 2.1196403617155366, -2.59020751113689, 1.7738038071553899, 1.8177927191304035]}, "7": {"h": [[-0.0, -0.08358941745758057, -0.28865288639068604, -0.3935964288711548], [0.0, 0.8265, 0.7627899627685547, 0.9110309753417969], [0.0, -0.17550134277343737, -0.3569976806640625, -0.5639439697265625]], "r": [2.3825693241184043, 1.322225744327292, -0.1317893648740785, 1.8692572520417712, -2.3710105803926296, 1.9930747970924143, 0.7118508110631001]}, "8": {"h": [[-0.0, -0.07853116607666016, -0.3302524642944336, -0.5174357833862305], [0.0, 0.8265, 0.75637939453125, 0.8749579467773437], [0.0, -0.1826583251953125, -0.3420277099609375, -0.5119351806640624]], "r": [2.548614712618767, 1.3450692587350699, -0.09417351378139655, 2.1069824438608173, -2.5568414812593265, 1.7394457835457895, -1.4212358868133077]}, "9": {"h": [[-0.0, -0.08084093189239501, -0.3554597215652466, -0.6198459520339966], [0.0, 0.8265, 0.7096407012939454, 0.7614898071289062], [0.0, -0.1714077148437499, -0.2899041748046874, -0.407456298828125]], "r": [2.6123042673233083, 1.1315388472464982, -0.15227993141806573, 2.032690908950204, -2.741098958145983, 1.712704039017883, -0.0882228025544729]}, "10": {"h": [[-0.0, -0.08058956146240234, -0.26682861328124996, -0.5113296813964844], [0.0, 0.8265, 0.6003480529785157, 0.508739860534668], [0.0, -0.18068017578125, -0.2977620849609373, -0.4585211181640623]], "r": [2.568331943599738, 0.866559928149973, 0.0502824482516325, 2.033409428509537, -2.893669143606362, 1.3941358562102841, 1.7464523607251412]}, "11": {"h": [[-0.0, -0.07572049236297607, -0.18577813243865968, -0.3369438123703003], [0.0, 0.8265, 0.566683349609375, 0.4299594879150391], [0.0, -0.18466455078124994, -0.33083544921875, -0.5543383789062499]], "r": [2.4318275838095236, 0.6053522873349992, 0.24285143028480538, 1.7790273874958085, -2.9269536775527905, 1.6153890250640333, 4.50616664253615]}, "12": {"h": [[-0.0, -0.07759405517578125, -0.14125810623168944, -0.19141855239868164], [0.0, 0.8265, 0.5575868835449219, 0.4315695343017579], [0.0, -0.18900207519531237, -0.36032043457031243, -0.6239761962890624]], "r": [2.381192820678909, 0.7991460443833429, 0.4230425919679529, 1.8888084080511558, -2.7820990848903713, 1.4335406091447342, -2.2984251964203004]}, "13": {"h": [[-0.0, -0.0704369888305664, -0.06936578750610352, -0.03542013931274414], [0.0, 0.8265, 0.5542512817382812, 0.4612271423339844], [0.0, -0.18830383300781245, -0.38412866210937496, -0.6473806152343751]], "r": [2.3432146698402163, 0.8803915319007387, 0.7924898161255866, 1.808443788867523, -2.9763983475702505, 1.5865083175470234, -5.307310990937684]}, "14": {"h": [[-0.0, -0.06541124534606933, -0.014876794815063477, 0.10488147735595704], [0.0, 0.8265, 0.5751363983154296, 0.4766087951660156], [0.0, -0.18428857421875017, -0.4030029296875, -0.6292662353515626]], "r": [2.2203253926729567, 0.8433168842932991, 0.9460084866722531, 1.6734107232336872, -3.1163485421577586, 1.7682653067374499, -1.8042735457387833]}, "15": {"h": [[-0.0, -0.058476524353027345, 0.02153412628173828, 0.20819144439697265], [0.0, 0.8265, 0.5993533172607421, 0.5026077880859375], [0.0, -0.18955761718750003, -0.4109675292968749, -0.5978857421874999]], "r": [2.090786663641164, 1.0471488870898034, 0.8009757360986888, 1.7013528741899413, -2.774262676109376, 1.671868413540091, 1.135780771358648]}, "16": {"h": [[-0.0, -0.06398569583892823, 0.07081430435180663, 0.3253530464172363], [0.0, 0.8265, 0.6341409454345703, 0.5648198394775391], [0.0, -0.20785583496093746, -0.408081787109375, -0.5326802978515626]], "r": [1.8684991707253158, 1.2315430337002353, 0.6497257456438522, 1.689805167557677, -2.5616047689064274, 1.6073737576420337, 3.7719794120057997]}, "17": {"h": [[-0.0, -0.05468546962738037, 0.13191507720947265, 0.4217589492797852], [0.0, 0.8265, 0.6633547363281249, 0.6293052825927734], [0.0, -0.21020117187499993, -0.36742993164062493, -0.4113500976562499]], "r": [1.604901203306699, 1.626497841297809, 0.6918885823953396, 1.8507895706211108, -2.512082989559478, 1.3267644240959529, -0.7970799385959264]}, "18": {"h": [[-0.0, -0.07224771881103516, -0.01660948181152344, 0.26127043914794923], [0.0, 0.8265, 0.6676089019775391, 0.6826727447509766], [0.0, -0.20220410156249985, -0.4234196777343749, -0.5284383544921873]], "r": [1.810986822855678, 1.2700897353806826, 0.3418615074533239, 1.6572428387912717, -2.4537248978098125, 1.6522481742511361, -0.04532317936426261]}, "19": {"h": [[-0.0, -0.0749167709350586, -0.0750135498046875, 0.13639201736450196], [0.0, 0.8265, 0.6726296691894531, 0.6867200012207031], [0.0, -0.1949693603515626, -0.4289235839843751, -0.6095324707031251]], "r": [1.8674103441609144, 1.0589906857710387, 0.30741503133975556, 1.6974663047000607, -2.7118956433301675, 1.8553226180842537, -1.011533412454305]}, "20": {"h": [[-0.0, -0.07821930694580079, -0.11404336166381836, 0.03252849197387696], [0.0, 0.8265, 0.6802227020263673, 0.6821795501708985], [0.0, -0.18563574218749995, -0.41741979980468763, -0.646426513671875]], "r": [1.7537242607464363, 0.8742094753548841, 0.12675481434124147, 1.6141927840688823, -2.880255575305077, 2.0896582531101613, -4.012547024408178]}, "21": {"h": [[-0.0, -0.07449834632873535, -0.1798129596710205, -0.12809659004211427], [0.0, 0.8265, 0.6949889984130859, 0.6771617431640625], [0.0, -0.17172509765624994, -0.38057434082031244, -0.6502468261718748]], "r": [1.8812394095068354, 0.9600861462830073, -0.1990343839747609, 1.7079227386009257, -2.499033702327284, 1.8791641862384885, 0.38043467689551747]},