{"count": 9, "poses_seq": {"0": {"h": [[-0.0, -0.05760652542114258, 0.08675109481811524, 0.33448142623901367], [0.0, 0.8265, 0.6288830108642578, 0.5271966552734375], [0.0, -0.16470117187500005, -0.34534423828125, -0.46165954589843744]], "r": [-2.7466003230998313, 4.786698677433479, -1.1628316296411414, 4.108021605479373, 0.0367052475426911, 0.8727368551331677, 4.884695942694929]}, "1": {"h": [[-0.0, -0.06878626251220704, 0.11837827301025391, 0.4016609802246094], [0.0, 0.8265, 0.6910676879882812, 0.6491964111328126], [0.0, -0.19353991699218748, -0.35042675781250004, -0.38313354492187496]], "r": [-3.009269426606144, 4.839872565132449, -0.8209889730280333, 4.2527847934371135, -0.04000272895418964, 1.2302139248463195, -4.3763752121370745]}, "2": {"h": [[-0.0, -0.045844147682189945, 0.1429281301498413, 0.4101628713607788], [0.0, 0.8265, 0.7988188743591309, 0.877491226196289], [0.0, -0.2011115722656252, -0.3602275390625001, -0.3537441406250002]], "r": [-3.135565949043993, 4.501682194047559, -0.5705699823102203, 4.103835475365723, -0.27302696047149283, 1.4371488331616045, 1.9606924772643815]}, "3": {"h": [[-0.0, -0.06478269767761231, 0.08024412727355958, 0.3049130573272705], [0.0, 0.8265, 0.8563812103271484, 1.007745361328125], [0.0, -0.18325292968750012, -0.3994698486328124, -0.4463503417968749]], "r": [-2.80285290025349, 4.481442160014444, -0.30971468536853475, 4.119175892200775, -0.4619340547192769, 1.6629921402435375, 4.002305102031564]}, "4": {"h": [[-0.0, -0.06870241165161133, 0.029956584930419923, 0.2101363868713379], [0.0, 0.8265, 0.8652308769226074, 1.0323371582031249], [0.0, -0.1795595703125002, -0.42630554199218756, -0.5382301025390623]], "r": [-2.8896656540766483, 4.2555503863425885, -0.5490056830921327, 4.16601609161675, -0.551408674648643, 1.8089661734250597, -3.4268383698616462]}, "5": {"h": [[-0.0, -0.0681111488342285, -0.0021057167053222664, 0.12714069747924805], [0.0, 0.8265, 0.8265286216735841, 0.9647325897216796], [0.0, -0.16726025390624982, -0.45731091308593746, -0.6339650878906249]], "r": [-3.1273501557643346, 3.9676636579917814, -0.9365987677546536, 4.417612263150173, -0.39109880758357063, 2.1370971692331033, 2.8809531548121585]}, "6": {"h": [[-0.0, -0.06593510055541993, -0.011261165618896486, 0.07960968399047852], [0.0, 0.8265, 0.7977455062866211, 0.8639727172851562], [0.0, -0.161489990234375, -0.4681855468750001, -0.7019029541015627]], "r": [-2.912389257616623, 4.2206464601011495, -1.1498800686784572, 4.517526747403078, -0.04114278944466011, 2.2410548667361456, 5.68198977189287]}, "7": {"h": [[-0.0, -0.06333140563964844, 0.02024154663085937, 0.14834184265136718], [0.0, 0.8265, 0.6473435058593751, 0.5436398010253907], [0.0, -0.16350317382812524, -0.41593176269531257, -0.6410036621093749]], "r": [-2.9677945820403853, 4.308995132631569, -1.3088354878216537, 4.664572106371878, -0.40751707114868346, 1.8825772067115536, -1.0117415262297995]}, "8": {"h": [[-0.0, -0.06095737457275391, 0.07167900848388671, 0.270064697265625], [0.0, 0.8265, 0.6023433074951172, 0.4540176239013672], [0.0, -0.14734362792968742, -0.35302770996093763, -0.5167839355468751]], "r": [-3.1145747330570637, 4.63853530642326, -1.4721535287797005, 4.581160186369508, -0.11301733312846103, 1.5644434972012198, -2.104860485657343]}}, "id": 5}