{"count": 18, "poses_seq": {"0": {"h": [[-0.0, -0.06506673431396484, -0.13374328231811522, -0.011924007415771484], [0.0, 0.8265, 0.6574312286376953, 0.5955311126708984], [0.0, -0.19185852050781255, -0.4094427490234374, -0.6416656494140625]], "r": [0.8230769975352534, 1.5451879898940502, -0.6556086532757694, 1.9862741130796786, -0.5987295402287784, 4.955301157047414, -1.8610703383822005]}, "1": {"h": [[-0.0, -0.06889958190917969, -0.2344777717590332, -0.19543584060668945], [0.0, 0.8265, 0.732105712890625, 0.7527032775878906], [0.0, -0.1808010253906252, -0.36096130371093765, -0.6295750732421876]], "r": [1.1264680359514319, 1.8586169437074753, -0.6510558243665044, 2.2650411413787905, -0.6401525453617578, 4.997434776873768, -4.034711537303712]}, "2": {"h": [[-0.0, -0.07115865516662598, -0.2761195087432861, -0.35241931343078614], [0.0, 0.8265, 0.7315930786132813, 0.8369241638183594], [0.0, -0.18045971679687495, -0.3524482421875, -0.590856201171875]], "r": [1.0809877761567386, 2.218732742115532, -0.9036223312440077, 2.06283151835061, -0.6942873888584186, 4.6444381472680165, 0.5124901479445243]}, "3": {"h": [[-0.0, -0.07241266632080079, -0.3103675956726074, -0.49542573165893555], [0.0, 0.8265, 0.7198198547363281, 0.8385377502441407], [0.0, -0.17676037597656263, -0.3291824951171876, -0.49711987304687516]], "r": [1.422573495057418, 1.9977860064302206, -0.9392017109136653, 2.1730630588863136, -0.3591515055702698, 4.665634801198881, 0.7891418213634225]}, "4": {"h": [[-0.0, -0.06868467903137207, -0.3149951267242431, -0.5662952060699463], [0.0, 0.8265, 0.6729963684082031, 0.7180017547607422], [0.0, -0.17953210449218743, -0.3010072021484374, -0.4252186279296875]], "r": [1.5929665087861529, 1.715313820044274, -0.768196967275119, 1.9460683276900521, -0.5838545171785935, 4.649052938368838, -1.0193372438986192]}, "5": {"h": [[-0.0, -0.0743633975982666, -0.24835591316223143, -0.4681218738555908], [0.0, 0.8265, 0.5867922668457031, 0.5042889556884765], [0.0, -0.18786450195312493, -0.29556164550781255, -0.46976196289062494]], "r": [1.289840864302638, 1.7680502421789945, -1.001792749831015, 1.582217220685137, -0.7677707665304025, 4.59486937779641, 1.9161037991519283]}, "6": {"h": [[-0.0, -0.07306195831298828, -0.17387452697753908, -0.32233329772949215], [0.0, 0.8265, 0.5573046875000001, 0.43998901367187504], [0.0, -0.19009826660156254, -0.3326800537109374, -0.5552662353515625]], "r": [1.2326320325813205, 1.449342263495596, -0.6406508660035761, 1.5398779827295213, -1.045811964381556, 4.96067166441213, 4.099428140147697]}, "7": {"h": [[-0.0, -0.07322154998779297, -0.11599708938598634, -0.14372955703735352], [0.0, 0.8265, 0.5600310668945313, 0.4947786865234376], [0.0, -0.18077490234375, -0.36877368164062513, -0.6433701171875001]], "r": [1.039984735024834, 1.2463510642413618, -0.4702072154524979, 1.7667701326120226, -0.8289878553653075, 4.94489004236682, -4.118965060804804]}, "8": {"h": [[-0.0, -0.07563473510742187, -0.09051969528198242, -0.0481563606262207], [0.0, 0.8265, 0.6548139038085938, 0.6913782653808593], [0.0, -0.19712963867187488, -0.40321240234375005, -0.672193115234375]], "r": [1.1147940374540453, 1.46788335727102, -0.1337832568212287, 2.090684492854388, -0.8810099821275768, 5.0140797278552425, 0.607235205145471]}, "9": {"h": [[-0.0, -0.07986651611328124, -0.09463824462890624, 0.004144287109374999], [0.0, 0.8265, 0.6929008483886718, 0.8441975708007812], [0.0, -0.20453369140625016, -0.42131433105468746, -0.6305915527343751]], "r": [1.1970611429068023, 1.4245821519837645, 0.15846241345592388, 1.9170515283677867, -0.9214874394255945, 4.700559833940922, -0.884293948128659]}, "10": {"h": [[-0.0, -0.07042782592773437, -0.17072940826416017, -0.10618370819091796], [0.0, 0.8265, 0.6336626892089844, 0.6171733551025391], [0.0, -0.1993073730468749, -0.3861478271484376, -0.6536052246093749]], "r": [1.313635971320723, 1.2307593732912812, 0.2441265291439654, 1.6105102979336423, -1.268259545080995, 5.012979147383607, -0.6467135464399278]}, "11": {"h": [[-0.0, -0.0723122272491455, -0.2691859455108643, -0.27825720405578613], [0.0, 0.8265, 0.653786880493164, 0.6312228546142578], [0.0, -0.1841096191406249, -0.36387731933593753, -0.6361308593749999]], "r": [1.633616505350181, 1.225548730066627, 0.3704990054429283, 1.4812435327074767, -1.4785123468972607, 5.056687529619729, -0.997169465061482]}, "12": {"h": [[-0.0, -0.08027328968048095, -0.2973817415237427, -0.38708956623077395], [0.0, 0.8265, 0.6748401336669922, 0.6606131439208984], [0.0, -0.18826940917968754, -0.3475234375000001, -0.605494873046875]], "r": [1.9408467291360947, 1.2493483389978295, 0.5475437588244849, 1.28878487846217, -1.7973977039416607, 5.078030273179502, -2.621798750353096]}, "13": {"h": [[-0.0, -0.0846710205078125, -0.3085116577148438, -0.47775683593750007], [0.0, 0.8265, 0.6815497741699219, 0.6985378265380859], [0.0, -0.18848828125, -0.3346226806640625, -0.5534051513671874]], "r": [1.950602036713755, 1.2178103616485525, 0.3303884800405626, 1.5501515622841116, -1.4591011796417663, 4.815727388951454, -5.408513396041034]}, "14": {"h": [[-0.0, -0.06018788146972656, -0.23818658447265628, -0.324936279296875], [0.0, 0.8265, 0.6385389862060546, 0.6313278350830078], [0.0, -0.19739428710937507, -0.3386909179687499, -0.59949267578125]], "r": [1.6243209721340848, 1.3771750994422727, 0.19471633994145085, 1.4041173469463901, -1.6120156314027965, 5.153970829582474, -0.3022627864188582]}, "15": {"h": [[-0.0, -0.04606212615966798, -0.17337284088134766, -0.13211759185791017], [0.0, 0.8265, 0.638175521850586, 0.6116694717407227], [0.0, -0.17333740234375, -0.34744604492187486, -0.619776123046875]], "r": [1.4489636154485603, 1.1790002042817325, 0.39725198506152365, 1.4892880918692029, -1.3150818507326305, 5.04151595385601, -2.217916812055492]}, "16": {"h": [[-0.0, -0.021362976074218748, -0.0434229736328125, 0.08506570434570312], [0.0, 0.8265, 0.6514850463867188, 0.6473075485229492], [0.0, -0.1710255126953127, -0.36264624023437514, -0.6024334716796875]], "r": [1.121161057957431, 1.2642572798219214, 0.28825537111521843, 1.860986344919989, -0.9670707577450448, 5.057965534314133, -0.27605525557307575]}, "17": {"h": [[-0.0, -0.0387889862060547, -0.04535404968261719, 0.14796434020996094], [0.0, 0.8265, 0.6392294158935548, 0.6451415252685546], [0.0, -0.17556823730468768, -0.3654635009765626, -0.5570958251953126]], "r": [0.887174042723986, 1.4996097077046866, 0.1366501177268538, 1.8993947892196879, -1.0486007899331722, 5.3305656649115525, 2.3265013953485334]}}, "id": 62}