{"count": 9, "poses_seq": {"0": {"h": [[-0.0, -0.04550752258300781, -0.08391555023193359, 0.13321956634521484], [0.0, 0.8265, 0.571665771484375, 0.5592347679138183], [0.0, -0.17945556640624988, -0.23770776367187502, -0.48284167480468737]], "r": [-0.1134799182295222, 4.347709515531794, -1.993312836306055, 0.9343741803494303, 0.32468115088972155, 3.6663542574928933, 1.7324710080264314]}, "1": {"h": [[-0.0, -0.045895805358886724, -0.06707096862792969, 0.2118844757080078], [0.0, 0.8265, 0.6066681213378906, 0.6474678039550782], [0.0, -0.17521557617187505, -0.2972266845703125, -0.46202575683593744]], "r": [-0.38045273159468646, 4.453355644934594, -2.158806955015502, 1.0442144025464513, 0.44820661125657646, 3.7500768663648976, 4.216904057212965]}, "2": {"h": [[-0.0, -0.043548717498779296, -0.05964777565002441, 0.20240731239318846], [0.0, 0.8265, 0.6546971893310547, 0.7906319580078125], [0.0, -0.1743885498046876, -0.355633056640625, -0.43067712402343755]], "r": [-0.6249310437564156, 4.545715546171611, -2.385404977916285, 1.3183283474537701, 0.3527406439753496, 4.00366595913728, -4.98940751981377]}, "3": {"h": [[-0.0, -0.055350965499877926, -0.10647820091247559, 0.07343331336975098], [0.0, 0.8265, 0.6741192169189453, 0.9039776916503907], [0.0, -0.15981286621093754, -0.3383421630859374, -0.44175939941406256]], "r": [-0.6886909609552291, 4.813681760825785, -2.6105674734282185, 1.2456030460286185, 0.44155565104954075, 3.709238443503453, 0.8362087405623856]}, "4": {"h": [[-0.0, -0.06358270931243896, -0.12080246639251709, -0.0010895452499389644], [0.0, 0.8265, 0.6537338562011719, 0.9099825134277344], [0.0, -0.15658117675781252, -0.3022802734374999, -0.468923095703125]], "r": [-0.6035549657587062, 4.78780926487672, -2.617161553876009, 1.426918362424739, 0.3124601454819227, 3.953781746226517, -1.2631305215863828]}, "5": {"h": [[-0.0, -0.06801210880279542, -0.13252359104156494, -0.0876051950454712], [0.0, 0.8265, 0.6375401306152344, 0.8922816162109375], [0.0, -0.1682399902343748, -0.3217110595703124, -0.4926895751953125]], "r": [-0.22124438589430517, 4.506065623098741, -2.3568391950114815, 1.6234963130357603, 0.08443674063330252, 4.2035833177711455, 0.18671600051920606]}, "6": {"h": [[-0.0, -0.06485932922363281, -0.13807791900634764, -0.14705866241455076], [0.0, 0.8265, 0.6132311859130859, 0.8012864074707031], [0.0, -0.18038000488281264, -0.3137525634765626, -0.539407958984375]], "r": [0.09429739123130168, 4.2932147454819125, -2.219815287943141, 1.5166572933379596, 0.275083218561174, 4.099147870574723, -0.7184219329484822]}, "7": {"h": [[-0.0, -0.042369368553161625, -0.11151732158660889, -0.07601677989959717], [0.0, 0.8265, 0.5806584930419922, 0.5550165405273437], [0.0, -0.18207714843749995, -0.23391857910156238, -0.5477475585937499]], "r": [-0.15966876647211548, 4.107186947509961, -1.8854019612730302, 1.5263298907956082, 0.3923930052847455, 4.4863851335812575, -0.6694757363226659]}, "8": {"h": [[-0.0, -0.041871597290039066, -0.11043889999389649, 0.0218298225402832], [0.0, 0.8265, 0.5752659606933593, 0.5325539360046387], [0.0, -0.18131103515624997, -0.20879479980468757, -0.5246849365234374]], "r": [-0.37677905809754036, 3.990454592911671, -1.7825477297035437, 1.504877841780264, 0.3731839297032964, 4.587105239501997, -1.4096572409372494]}}, "id": 10}