{"count": 28, "poses_seq": {"0": {"h": [[-0.0, -0.06280523681640625, -0.25134251403808594, -0.22562777709960938], [0.0, 0.8265, 0.5892705841064454, 0.46258360290527345], [0.0, -0.19646826171874993, -0.28840905761718744, -0.5318248291015624]], "r": [1.7852820475026199, 1.1629028461479989, 0.5807229607801526, 1.618992377092904, 2.0216128491530623, 0.7378084294206146, 1.078126838335148]}, "1": {"h": [[-0.0, -0.06322262001037599, -0.27981537055969236, -0.34113141059875485], [0.0, 0.8265, 0.6187100982666016, 0.5228062744140625], [0.0, -0.19384802246093763, -0.2793013916015626, -0.5303765869140624]], "r": [2.1186650567750624, 1.243273517254115, 0.8183633202782252, 2.010592626057016, 2.075789810957404, 0.7301811298706126, 3.5640093046212145]}, "2": {"h": [[-0.0, -0.06022186279296875, -0.30454136276245114, -0.4629034538269043], [0.0, 0.8265, 0.6547867584228515, 0.5925792694091797], [0.0, -0.19224145507812512, -0.2856348876953126, -0.5085234375000001]], "r": [2.3975727009681713, 1.290576791904904, 1.0853460423680357, 1.9857471442534251, 1.8655238396776934, 0.8733920435731963, -5.560911472494858]}, "3": {"h": [[-0.0, -0.05859593296051025, -0.3310939035415649, -0.5496954050064087], [0.0, 0.8265, 0.7186004638671876, 0.7332724914550781], [0.0, -0.19480456542968755, -0.2910639648437499, -0.47291687011718736]], "r": [2.32024870943139, 1.540968685408802, 0.819636725618822, 2.324084942836925, 1.7165187481168191, 0.8630177588436946, 2.157034305316581]}, "4": {"h": [[-0.0, -0.0541803138256073, -0.3374301993846894, -0.613746544599533], [0.0, 0.8265, 0.8105718078613281, 0.8619779968261718], [0.0, -0.1875297851562499, -0.3078721923828123, -0.423503173828125]], "r": [2.5854882277532942, 1.549271361962841, 0.9986206651567304, 2.0681874420553883, 1.6353806377871216, 1.1685545779103703, -0.48519243869859474]}, "5": {"h": [[-0.0, -0.06424720954895019, -0.2668748073577881, -0.5057431850433349], [0.0, 0.8265, 0.8006380310058594, 0.8125442810058594], [0.0, -0.19022766113281248, -0.4254871826171876, -0.59646044921875]], "r": [2.2609647938044293, 1.488130947242224, 0.8918755171963199, 1.8692870161817183, 1.4323279174528243, 1.1808788483364032, -0.03315312332970118]}, "6": {"h": [[-0.0, -0.07873699188232422, -0.21457556533813477, -0.38472294998168943], [0.0, 0.8265, 0.8017279052734375, 0.8171620483398437], [0.0, -0.19266833496093755, -0.4698419189453125, -0.690296875]], "r": [1.8978174888543056, 1.5966378733292326, 0.6498089655404535, 2.024657337117478, 1.3676654263288446, 1.1119760994059016, -0.44006326772219584]}, "7": {"h": [[-0.0, -0.08272928619384765, -0.1844551773071289, -0.28226570892333985], [0.0, 0.8265, 0.8012435913085938, 0.8063838500976563], [0.0, -0.19104980468750005, -0.48667260742187507, -0.7407636718749999]], "r": [1.6082550166347256, 1.851790380908653, 0.31756842765521676, 2.2835569095887744, 1.1761687111439498, 0.9240471019947721, -2.1942576528049256]}, "8": {"h": [[-0.0, -0.08003569030761719, -0.12529911422729492, -0.14741326522827147], [0.0, 0.8265, 0.8166888732910156, 0.7874933776855468], [0.0, -0.18953088378906263, -0.5020332031250001, -0.7748583984375002]], "r": [1.4465868637784283, 1.7615859375510312, 0.48948952440657956, 2.648489754217005, 1.5121294850589069, 0.9378053085410994, -4.793488390037424]}, "9": {"h": [[-0.0, -0.07642004585266113, 0.03366442108154297, 0.07378761291503906], [0.0, 0.8265, 0.7861460571289063, 0.7694378662109376], [0.0, -0.19952221679687493, -0.47298815917968745, -0.7426470947265624]], "r": [1.2415575931794753, 1.645742677180717, 0.5931029647781002, 2.5025958997005944, 1.6887435041127863, 0.9414673181743576, 0.029058726813318336]}, "10": {"h": [[-0.0, -0.07567000579833984, 0.06296089935302734, 0.18935984039306641], [0.0, 0.8265, 0.7735392608642578, 0.7705210723876954], [0.0, -0.20928637695312508, -0.4502633056640624, -0.6915057373046873]], "r": [1.078804509539081, 1.6877878950603364, 0.6216558024290634, 2.1939745452752093, 1.4337946212899697, 0.8721894168326004, 1.7859844993485638]}, "11": {"h": [[-0.0, -0.07252470970153808, 0.11413827514648439, 0.31643649291992193], [0.0, 0.8265, 0.7481109771728516, 0.7585303344726563], [0.0, -0.21003234863281245, -0.4225052490234374, -0.6126424560546875]], "r": [0.8449101433324161, 1.8636520416978604, 0.3653296349009604, 2.048105354683977, 1.1202594861463124, 0.6175064962529808, 3.0514654851996275]}, "12": {"h": [[-0.0, -0.06699353981018066, 0.12907057952880857, 0.38143239593505857], [0.0, 0.8265, 0.7344180603027344, 0.7648818817138672], [0.0, -0.20678442382812517, -0.3863040771484377, -0.51186474609375]], "r": [0.615758960468415, 1.8542540049323606, 0.28987333046762875, 1.9951819548720156, 1.4068858839722282, 0.6550612344738167, 5.431515968633292]}, "13": {"h": [[-0.0, -0.06377806282043456, 0.13354668426513672, 0.41385216522216794], [0.0, 0.8265, 0.7278148193359375, 0.7565847778320313], [0.0, -0.20825415039062506, -0.3752716064453126, -0.4183853759765626]], "r": [0.429809676763944, 1.8918356663504523, 0.16432296483179745, 1.9534162962706927, 1.5946150689055008, 0.6235929061416041, -0.44427409045196387]}, "14": {"h": [[-0.0, -0.06604675102233887, 0.1193198013305664, 0.3915105209350586], [0.0, 0.8265, 0.73407861328125, 0.7665563049316406], [0.0, -0.21156018066406262, -0.3734107666015625, -0.3363115234375001]], "r": [0.42617818999506546, 1.67432928014074, 0.4768851857480727, 1.845788960795031, 1.9549262861725645, 0.8628732763049286, 2.6094960824482047]}, "15": {"h": [[-0.0, -0.07041765689849853, 0.09657491302490236, 0.3562173538208008], [0.0, 0.8265, 0.7365476684570312, 0.757918197631836], [0.0, -0.20568200683593735, -0.3678956298828125, -0.24704028320312493]], "r": [0.41175436484182254, 1.55725322492138, 0.4615445335156932, 1.8142095627830488, 2.3487003774295996, 1.0371743223413907, 4.296045574397185]}, "16": {"h": [[-0.0, -0.07057683563232423, 0.07477791595458984, 0.3666198577880859], [0.0, 0.8265, 0.7467394409179688, 0.7627043609619141], [0.0, -0.2032462158203126, -0.41295507812500004, -0.40910986328125004]], "r": [0.5264222278391477, 1.5802525592189516, 0.4039816510645535, 1.8659461588006754, 2.023559707251662, 0.9822328220635124, -4.666688376117847]}, "17": {"h": [[-0.0, -0.07611080169677735, 0.05581841278076172, 0.3272051849365234], [0.0, 0.8265, 0.7518396606445312, 0.7717759399414063], [0.0, -0.20996435546875009, -0.44411132812500004, -0.5410588378906249]], "r": [0.5361466993800531, 1.676545341337213, 0.12967805896639634, 1.8902898271930055, 1.8321178766877821, 1.045149333761145, 1.5489854541319916]}, "18": {"h": [[-0.0, -0.07368972015380859, 0.025346755981445312, 0.2575524291992187], [0.0, 0.8265, 0.7512969360351562, 0.7626390686035156], [0.0, -0.2094041748046876, -0.4610218505859374, -0.6305506591796874]], "r": [0.582887294453424, 1.813550444797512, -0.1337892226337811, 1.6755662927823733, 1.5346524377130073, 1.0824718346058115, 0.2693743354068004]}, "19": {"h": [[-0.0, -0.07852934455871582, 0.015651634216308594, 0.17648941040039062], [0.0, 0.8265, 0.7714024505615233, 0.7723565673828126], [0.0, -0.20955163574218744, -0.49041748046874983, -0.7120310058593748]], "r": [0.8382009734293977, 1.4472908888305573, 0.07396448440649775, 1.2940005367068985, 1.2598000825017792, 1.4494058674309165, 2.4472895949952838]}, "20": {"h": [[-0.0, -0.07737815856933594, -0.0003737106323242201, 0.06323248672485351], [0.0, 0.8265, 0.7793184509277344, 0.7528410034179688], [0.0, -0.21100402832031256, -0.46778222656250007, -0.7333605957031251]], "r": [0.9472485862578786, 1.608568582003186, -0.09329897140231454, 1.3171353621640713, 1.1339109264991523, 1.2994538142287453, 1.5318962796026008]}, "21": {"h": [[-0.0, -0.08031517028808594, -0.059549293518066405, -0.06634319496154785], [0.0, 0.8265, 0.7940516052246094, 0.7525049896240235], [0.0, -0.20075988769531256, -0.5115742187500001, -0.7844578857421876]], "r": [0.8720193362715268, 1.743457466542485, -0.45157163846362175, 1.3960893046454657, 1.3360041721365283, 1.5752493415232989, -0.11086500850613368]},