{"count": 10, "poses_seq": {"0": {"h": [[-0.0, -0.059410680770874025, -0.18738323783874514, -0.10940962028503418], [0.0, 0.8265, 0.5710568695068359, 0.5076762313842773], [0.0, -0.19539160156249996, -0.2795614013671875, -0.5330410156249998]], "r": [2.356448606896272, 1.7091720746905115, 0.7060960927452634, 1.8187251033674507, 0.8687264617954089, 5.457601071305613, 0.8860160710908963]}, "1": {"h": [[-0.0, -0.06661246490478516, -0.27361151123046873, -0.28870101928710934], [0.0, 0.8265, 0.606830322265625, 0.5672392578125001], [0.0, -0.19394519042968744, -0.28725488281249995, -0.5601762695312498]], "r": [2.642978761815429, 1.4300074297690115, 0.5410814027336269, 2.074960821893571, 0.6154030168081095, 5.180443052449268, -0.9750608000988394]}, "2": {"h": [[-0.0, -0.06975327301025391, -0.28455500411987306, -0.4089542350769043], [0.0, 0.8265, 0.6470799713134765, 0.6673052978515626], [0.0, -0.18872009277343743, -0.30207470703125, -0.5435301513671873]], "r": [2.8034864845885745, 1.6830283567543007, 0.7164830129716747, 2.388906946437869, 0.5182799754951527, 5.199483088186472, -0.08937817209271579]}, "3": {"h": [[-0.0, -0.06872056770324707, -0.23005256843566896, -0.2862443103790283], [0.0, 0.8265, 0.7134864959716797, 0.9017234497070312], [0.0, -0.1858403320312499, -0.37198706054687497, -0.5622703857421874]], "r": [2.531053507689503, 1.9467189352762637, 0.5889343447233943, 2.7544235182346064, 0.3491262132409928, 5.211744009679159, -1.1019350008992883]}, "4": {"h": [[-0.0, -0.06874233245849609, -0.1742855796813965, -0.14675791549682615], [0.0, 0.8265, 0.7275424194335938, 0.9567991333007813], [0.0, -0.18469030761718758, -0.3999167480468751, -0.5491132812499999]], "r": [2.459930211470981, 2.2368759091997537, 0.9140556315223223, 2.8314419510424766, 0.2877294514773446, 5.267172588641906, -0.5094802555402227]}, "5": {"h": [[-0.0, -0.06741462707519531, -0.1401591262817383, -0.06879562377929688], [0.0, 0.8265, 0.7342254333496094, 0.966494140625], [0.0, -0.19497314453124998, -0.4120853271484373, -0.54237353515625]], "r": [2.553809601578996, 2.360651649358904, 1.1725611273738774, 2.6365502922527946, 0.09410482967811554, 5.102494659180708, 0.4301592581386077]}, "6": {"h": [[-0.0, -0.07557054710388184, -0.10876305389404296, 0.01711271667480469], [0.0, 0.8265, 0.7238950805664063, 0.9458730468750001], [0.0, -0.18239379882812484, -0.4039113769531249, -0.511289306640625]], "r": [2.6885654656382276, 2.414257918351476, 1.0631747028182141, 2.319208117967432, 0.14338137671217632, 4.895363306080265, -0.8113447940371846]}, "7": {"h": [[-0.0, -0.06465681457519531, -0.05102508926391602, 0.130099365234375], [0.0, 0.8265, 0.7136801910400391, 0.9074233093261719], [0.0, -0.18472705078125, -0.4080338134765625, -0.4852517089843749]], "r": [2.5040906511656527, 2.0750950434254576, 1.0280075778713682, 1.9394617857959078, -0.16300090182759489, 4.556118497379112, -3.166598149254561]}, "8": {"h": [[-0.0, -0.06508007621765137, -0.008494279861450196, 0.24601333045959473], [0.0, 0.8265, 0.669246566772461, 0.7724963989257813], [0.0, -0.19191674804687492, -0.38375744628906255, -0.42277404785156253]], "r": [2.187578882656398, 2.189189316346276, 1.3303331270004737, 1.9741833362312022, -0.19466240514658475, 4.903187526519432, 4.1189136927238295]}, "9": {"h": [[-0.0, -0.053446213722229005, -0.0770834436416626, 0.15798141384124756], [0.0, 0.8265, 0.5882263793945313, 0.5634569931030273], [0.0, -0.19940197753906258, -0.3301802978515625, -0.4666490478515624]], "r": [2.0465407306671186, 1.8141165732989253, 1.5365939961593869, 1.9354951319769123, -0.18142515234647752, 5.224885431189705, -5.224425143076796]}}, "id": 39}