{"count": 9, "poses_seq": {"0": {"h": [[-0.0, -0.04550752258300781, -0.08391555023193359, 0.13321956634521484], [0.0, 0.8265, 0.571665771484375, 0.5592347679138183], [0.0, -0.17945556640624988, -0.23770776367187502, -0.48284167480468737]], "r": [1.4540902494300547, 2.3954947124447443, -0.9027420789512944, 4.410899995697592, 0.6023704068694254, 0.7186385294842921, 0.4677287634819704]}, "1": {"h": [[-0.0, -0.046216251373291016, -0.07265448951721191, 0.1982551212310791], [0.0, 0.8265, 0.6006490173339845, 0.6319299926757813], [0.0, -0.17551965332031255, -0.2899549560546875, -0.46095214843750015]], "r": [1.4702432559780885, 2.4395438886954013, -0.8739689153019249, 4.115784960179976, 0.22876888503017495, 0.6627570182613751, 2.086913371566257]}, "2": {"h": [[-0.0, -0.043548717498779296, -0.05964777565002441, 0.20240731239318846], [0.0, 0.8265, 0.6546971893310547, 0.7906319580078125], [0.0, -0.1743885498046876, -0.355633056640625, -0.43067712402343755]], "r": [1.3470259503403108, 2.6677645683634603, -0.6648701230985036, 3.786369919783443, 0.23494815715699305, 0.6020425113041514, -0.21070362324428807]}, "3": {"h": [[-0.0, -0.052912454605102535, -0.11940918159484863, 0.05572846794128418], [0.0, 0.8265, 0.6700995025634766, 0.9122452697753907], [0.0, -0.15996606445312495, -0.33775219726562483, -0.4575460205078124]], "r": [1.6210017830207433, 2.921346983039208, -0.6453673396278828, 3.735230482508008, 0.4552966137971745, 0.8167594828460113, -2.9006698387990175]}, "4": {"h": [[-0.0, -0.06358270931243896, -0.12080246639251709, -0.0010895452499389644], [0.0, 0.8265, 0.6537338562011719, 0.9099825134277344], [0.0, -0.15658117675781252, -0.3022802734374999, -0.468923095703125]], "r": [1.7684310313334155, 2.9857645630369896, -0.7886134659936417, 3.896211143577773, 0.6607277084423988, 0.9399019647698146, -1.3146771676302895]}, "5": {"h": [[-0.0, -0.06801210880279542, -0.13252359104156494, -0.0876051950454712], [0.0, 0.8265, 0.6375401306152344, 0.8922816162109375], [0.0, -0.1682399902343748, -0.3217110595703124, -0.4926895751953125]], "r": [1.677363230810675, 2.9420359099128515, -0.591135960306208, 3.97773254255557, 0.8512700069708972, 0.9537612932945528, -4.184113356527782]}, "6": {"h": [[-0.0, -0.06437167167663574, -0.13618000602722166, -0.15302711296081542], [0.0, 0.8265, 0.6108004913330078, 0.7872242431640625], [0.0, -0.1846491699218749, -0.3117401123046875, -0.5445056152343748]], "r": [1.5409098021823169, 2.7778192452960906, -0.2888668975062131, 4.116806864283001, 0.932538578805267, 0.9859366409981005, 0.7608039764985586]}, "7": {"h": [[-0.0, -0.04480342245101929, -0.10990026617050172, -0.08642468786239625], [0.0, 0.8265, 0.5746310119628906, 0.5581292877197266], [0.0, -0.18164221191406243, -0.23147546386718748, -0.5480584716796875]], "r": [1.6264338068196584, 2.5971188057951915, -0.49119434107227766, 4.448045165360064, 0.7213665925438132, 1.0472999445593985, 2.497034121694704]}, "8": {"h": [[-0.0, -0.04153980731964112, -0.11104444789886475, 0.009604226112365721], [0.0, 0.8265, 0.5738635101318359, 0.5265032501220703], [0.0, -0.18045764160156247, -0.21219360351562494, -0.5336700439453124]], "r": [1.5912583806636853, 2.399576631590648, -0.4177924560574508, 4.262303181707224, 0.33452944296240006, 0.823017138784542, 4.181414020100775]}}, "id": 10}