{"count": 9, "poses_seq": {"0": {"h": [[-0.0, -0.0572710189819336, -0.15981417846679688, -0.05433197021484375], [0.0, 0.8265, 0.5688274536132812, 0.4994629211425782], [0.0, -0.19023876953125002, -0.2783776855468752, -0.51771875]], "r": [-2.2923964916773167, 3.874037732644586, 3.40828768276181, 4.966873828056582, 1.0058881216519395, 1.3046962568600244, 0.2608613461710704]}, "1": {"h": [[-0.0, -0.0639609203338623, -0.24891980171203612, -0.23348864936828612], [0.0, 0.8265, 0.5869634552001953, 0.5443793144226075], [0.0, -0.19573925781249996, -0.27844445800781253, -0.55233740234375]], "r": [-1.9629218446222723, 4.120411912389651, -2.6501189289627853, 4.677531480734015, 1.025335295153892, 1.151718258462588, 1.2609564382985474]}, "2": {"h": [[-0.0, -0.06798815155029297, -0.2872040100097656, -0.368772216796875], [0.0, 0.8265, 0.6303978729248048, 0.6152330856323243], [0.0, -0.1863739013671875, -0.2904442138671875, -0.5491953125]], "r": [-1.81007659498466, 3.9028341327082847, -2.610347737812743, 4.52988645186246, 0.9943863258494936, 1.3442786720704687, -0.8042307020381945]}, "3": {"h": [[-0.0, -0.0697856216430664, -0.2796215286254883, -0.4160372390747071], [0.0, 0.8265, 0.6648165435791016, 0.7480285339355469], [0.0, -0.1864283447265625, -0.3259978027343749, -0.547280517578125]], "r": [-1.8424510485092922, 3.7642744169511198, -2.559756979290001, 4.635369612331598, 1.311574861001798, 1.4546693746959034, -1.67168440374748]}, "4": {"h": [[-0.0, -0.06872056770324707, -0.23005256843566896, -0.2862443103790283], [0.0, 0.8265, 0.7134864959716797, 0.9017234497070312], [0.0, -0.1858403320312499, -0.37198706054687497, -0.5622703857421874]], "r": [-1.8183831091104092, 3.851680348037995, -2.601490838753696, 4.37798407742616, 1.664136131385097, 1.0733380288396344, -0.6120085038659454]}, "5": {"h": [[-0.0, -0.07026309967041015, -0.18646624374389648, -0.1738519401550293], [0.0, 0.8265, 0.7233666687011719, 0.9477611083984376], [0.0, -0.17884570312499998, -0.39221691894531246, -0.5494603271484373]], "r": [-1.7978740312784411, 3.9673733997594414, -2.539889665442792, 4.006950636139608, 1.7923839865273847, 0.8288068002561727, 0.5061623454650008]}, "6": {"h": [[-0.0, -0.06775081825256347, -0.15276624488830567, -0.09212476539611816], [0.0, 0.8265, 0.731599609375, 0.9623602905273437], [0.0, -0.19078503417968756, -0.4062291259765625, -0.5424105224609375]], "r": [-2.1476375161815415, 3.847892509433641, -2.4181372760882436, 4.006746736969303, 1.4789696303875302, 0.9895466620349918, 3.4846387051781464]}, "7": {"h": [[-0.0, -0.073791015625, -0.1186885871887207, -0.007404376983642574], [0.0, 0.8265, 0.7319122772216797, 0.9582905273437501], [0.0, -0.19188781738281252, -0.40874804687500005, -0.52185595703125]], "r": [-2.055738320005938, 4.079138713500734, -2.02226496847886, 4.236560460348842, 1.7953688509906742, 0.8397071223657484, -0.02325815096918854]}, "8": {"h": [[-0.0, -0.06576914405822754, -0.05819776344299317, 0.1104826488494873], [0.0, 0.8265, 0.7202577819824219, 0.9227977294921875], [0.0, -0.1823734130859374, -0.41138684082031235, -0.4943812255859375]], "r": [-1.960749871957565, 4.183396293079948, -1.6907411339087173, 3.9200029101628853, 1.7959939195514087, 0.61731514672684, -0.008501874706079332]}}, "id": 27}