{"count": 22, "poses_seq": {"0": {"h": [[-0.0, -0.06536318016052246, -0.0894498062133789, 0.13688930892944337], [0.0, 0.8265, 0.6252554321289063, 0.4886031036376954], [0.0, -0.19706030273437497, -0.3931210937500001, -0.5228939208984376]], "r": [1.5343069753656982, 0.8111986976763242, -5.623652023981389, 1.7483889803789938, -0.42095677892923367, 4.9427568487243825, 2.511700948869019]}, "1": {"h": [[-0.0, -0.06454377174377442, -0.12006682014465332, 0.03891903495788575], [0.0, 0.8265, 0.6464856414794922, 0.554013427734375], [0.0, -0.19310144042968763, -0.40552392578125, -0.6101103515624999]], "r": [1.8035772856853394, 1.1287948645986943, 0.817283350372956, 2.0868788805515632, -0.4388797306951631, 5.156137000967992, 2.7298527449331544]}, "2": {"h": [[-0.0, -0.06585209655761719, -0.17707684326171877, -0.06792315673828125], [0.0, 0.8265, 0.6905917968749999, 0.6570332946777344], [0.0, -0.18830969238281253, -0.3891708984375, -0.6325452880859375]], "r": [1.72864733783093, 1.2758567359626454, 0.5425609102017218, 2.236536308380618, -0.5832440356354409, 5.148858931265015, 1.5708898797231459]}, "3": {"h": [[-0.0, -0.0688427505493164, -0.2551836776733398, -0.24836565399169924], [0.0, 0.8265, 0.7448047485351563, 0.7894180603027343], [0.0, -0.18057849121093744, -0.360909423828125, -0.6278459472656248]], "r": [1.7667759175678242, 1.502124161066885, 0.18274742326008095, 2.4792564661979557, -0.5608690656139693, 5.099404610941759, 2.879829865025576]}, "4": {"h": [[-0.0, -0.07139100646972657, -0.27961953735351563, -0.37767738342285156], [0.0, 0.8265, 0.7297638244628907, 0.8372643737792969], [0.0, -0.1775880126953125, -0.34510522460937515, -0.5753629150390625]], "r": [2.033769197716962, 1.4988098679191775, 0.4785421811980177, 2.317968305184702, -0.9025311533063582, 5.000625752689196, 0.9647879168313707]}, "5": {"h": [[-0.0, -0.07241266632080079, -0.3103675956726074, -0.49542573165893555], [0.0, 0.8265, 0.7198198547363281, 0.8385377502441407], [0.0, -0.17676037597656263, -0.3291824951171876, -0.49711987304687516]], "r": [2.431199535744052, 1.3281600562284435, 0.5251266952798174, 2.120739989996325, -0.6670056898864789, 4.712781829946879, -2.1690536999847687]}, "6": {"h": [[-0.0, -0.06868467903137207, -0.3149951267242431, -0.5662952060699463], [0.0, 0.8265, 0.6729963684082031, 0.7180017547607422], [0.0, -0.17953210449218743, -0.3010072021484374, -0.4252186279296875]], "r": [2.7835109831585343, 1.280726564041153, 0.7597710597068479, 2.2138981293243076, -0.49855282067933765, 4.931282276938504, -3.97098494357379]}, "7": {"h": [[-0.0, -0.07638384437561035, -0.24008701515197753, -0.4512034244537354], [0.0, 0.8265, 0.5822435760498047, 0.49028466796875], [0.0, -0.1872239990234375, -0.2980535888671874, -0.4783829345703124]], "r": [2.7827956991647778, 1.1866149068255485, 1.0130494798329968, 2.2475838141409215, -0.2572847683768399, 5.261458682291938, 3.9550084871010758]}, "8": {"h": [[-0.0, -0.07306195831298828, -0.17387452697753908, -0.32233329772949215], [0.0, 0.8265, 0.5573046875000001, 0.43998901367187504], [0.0, -0.19009826660156254, -0.3326800537109374, -0.5552662353515625]], "r": [2.7253539647672107, 0.9217504994693185, 0.7861401526803145, 1.9442301727266535, 0.10977897717736781, 4.8943404065699765, -1.5175877416916195]}, "9": {"h": [[-0.0, -0.07385045623779296, -0.13689117813110352, -0.204848331451416], [0.0, 0.8265, 0.5518245849609376, 0.444470458984375], [0.0, -0.1799488525390625, -0.3518052978515625, -0.60947314453125]], "r": [2.6748477357176994, 1.0230170047962321, 1.1594631338294967, 1.8868982407223538, -0.12473301818821517, 4.824234941743648, -3.1031597715150365]}, "10": {"h": [[-0.0, -0.07227986145019531, -0.10224595260620117, -0.10944254684448243], [0.0, 0.8265, 0.5856186065673827, 0.5568712730407714], [0.0, -0.18848144531249994, -0.3810079345703126, -0.6589731445312499]], "r": [2.3003835884784047, 0.9809853382534474, 0.8455399099683458, 1.885393853767129, -0.20443785331875317, 4.689538384836816, -4.525160707277495]}, "11": {"h": [[-0.0, -0.07159816932678223, -0.08613162422180176, -0.031093103408813477], [0.0, 0.8265, 0.6606105194091798, 0.7367003173828126], [0.0, -0.19852783203125007, -0.39810339355468766, -0.655392333984375]], "r": [2.209311063017709, 1.3415502051223211, 0.8428224935576079, 2.012223135681222, -0.23762299645808663, 4.628286052142629, -0.2334044670412511]}, "12": {"h": [[-0.0, -0.07893391418457031, -0.09457836532592773, 0.02343650054931641], [0.0, 0.8265, 0.6895037231445313, 0.8430396423339843], [0.0, -0.20583874511718753, -0.42032202148437486, -0.615886962890625]], "r": [2.157294453495751, 1.3477714893582249, 0.6043968283489884, 1.7983672819294187, -0.012598473675346843, 4.259370625598004, -3.230790959938186]}, "13": {"h": [[-0.0, -0.07145916557312013, -0.13968830680847166, -0.056956266403198244], [0.0, 0.8265, 0.6327536163330079, 0.6286789474487304], [0.0, -0.19089392089843754, -0.3903385009765626, -0.6511007080078126]], "r": [2.168929418388148, 1.040071159851966, 0.7940695924585051, 1.836714254637608, -0.302142672990929, 4.582469001478612, 5.87512960233849]}, "14": {"h": [[-0.0, -0.07151397705078125, -0.25089948272705076, -0.2366048812866211], [0.0, 0.8265, 0.6431415252685547, 0.622218017578125], [0.0, -0.18679101562499995, -0.3740018310546876, -0.6491899414062501]], "r": [2.224416871750164, 1.0775980442048068, 0.5145008368380908, 2.093823564721212, -0.1284643812192634, 4.841406507895828, -0.6388055066287522]}, "15": {"h": [[-0.0, -0.07783999729156495, -0.2950896768569946, -0.365350266456604], [0.0, 0.8265, 0.6725645446777344, 0.652746810913086], [0.0, -0.18905102539062507, -0.3504390869140626, -0.6150478515625]], "r": [2.533781558314436, 1.3003498118938037, 0.5419755929463267, 2.299138619241738, 0.15077823789933142, 4.977419108348794, -1.3348020446255255]}, "16": {"h": [[-0.0, -0.08481543922424316, -0.30583321571350097, -0.451115198135376], [0.0, 0.8265, 0.6805546112060548, 0.6890942687988282], [0.0, -0.18273620605468738, -0.3361656494140624, -0.5720593261718749]], "r": [2.625380759751227, 1.1688397714330179, 0.21131326438274708, 2.048409710504709, 0.4652052590195697, 4.66900051416998, -1.7786670898224584]}, "17": {"h": [[-0.0, -0.052162002563476556, -0.22438031005859374, -0.24742050170898436], [0.0, 0.8265, 0.6343778839111328, 0.6210103378295899], [0.0, -0.18150561523437486, -0.32614465332031234, -0.5965971679687498]], "r": [2.360076339293492, 1.009266222227809, 0.11474028801998093, 1.7969288708227151, 0.5677126717271691, 4.64229356436589, -3.7109171390313858]}, "18": {"h": [[-0.0, -0.04079773712158204, -0.12301227569580077, -0.08072449493408203], [0.0, 0.8265, 0.6417584381103516, 0.612417366027832], [0.0, -0.17332238769531255, -0.3556058349609375, -0.6273469238281248]], "r": [2.0208730437669984, 1.0914935287700434, 0.030669617340583363, 1.9415607135429496, 0.560755973996181, 4.838349202037979, 0.5352977165828972]}, "19": {"h": [[-0.0, -0.02419046783447265, -0.05342487335205076, 0.06147916412353517], [0.0, 0.8265, 0.6457032470703126, 0.6381212310791016], [0.0, -0.17153173828125007, -0.35826098632812503, -0.6047075195312501]], "r": [1.7564838917631176, 0.9813125154235287, 0.021195551570938886, 1.750834728321054, 0.4940827294921828, 4.568884187544563, -2.104842137598899]}, "20": {"h": [[-0.0, -0.030771392822265625, -0.03461494445800781, 0.16838497924804688], [0.0, 0.8265, 0.6362994689941406, 0.6468137054443359], [0.0, -0.17299975585937505, -0.360327392578125, -0.5415012207031251]], "r": [1.4131939876339883, 1.0222558405540054, -0.1716488256410064, 1.7667180114348393, 0.5085242112470296, 4.706914655892203, -4.0636831408389416]}, "21": {"h": [[-0.0, -0.06937179565429685, -0.0544140930175781, 0.1871005859375], [0.0, 0.8265, 0.6388050079345704, 0.6622236480712891], [0.0, -0.19064709472656255, -0.30473547363281256, -0.4248862915039063]], "r": [1.0119104588012524, 1.213418854097111, -0.4078691881508274, 1.8312233935089466, 0.35658408695769145, 4.922864300835957, 5.094864845048332]}}, "id": 51}