{"count": 17, "poses_seq": {"0": {"h": [[-0.0, -0.05538642883300782, -0.14117724609375, -0.24884429931640625], [0.0, 0.8265, 0.5912308807373047, 0.47875939941406254], [0.0, -0.13951306152343773, -0.34934997558593756, -0.6019366455078126]], "r": [1.8521370851767045, 1.1968743472778969, 0.4240611082123815, 0.6008373417518065, -2.380645562913908, 5.576140968017749, -3.126771215718344]}, "1": {"h": [[-0.0, -0.052322097778320295, -0.09085758972167969, -0.12808714294433593], [0.0, 0.8265, 0.576878921508789, 0.4350252075195313], [0.0, -0.13882446289062528, -0.35016833496093774, -0.6060096435546876]], "r": [1.4608144024771665, 0.9129454557092805, 0.4070638166734248, 0.5621525662248433, -2.0009159358500153, 5.1976806239815945, -0.5367354344596496]}, "2": {"h": [[-0.0, -0.05545716094970704, -0.06614167022705078, -0.03527077484130858], [0.0, 0.8265, 0.5801527862548828, 0.4322604522705078], [0.0, -0.13909228515624977, -0.34890380859374975, -0.5986589355468748]], "r": [1.2649966334072946, 1.224519240128328, 0.2000487482189569, 0.5829780317533696, -1.9354516238822208, 5.570792085254571, 2.4693405898307277]}, "3": {"h": [[-0.0, -0.05544100189208985, -0.05979904937744142, 0.001511207580566401], [0.0, 0.8265, 0.5765205383300782, 0.42863351440429687], [0.0, -0.14092150878906234, -0.35335705566406245, -0.6008427734374999]], "r": [1.2279006968264838, 1.1081122072414442, 0.4418401636278949, 0.8749779287660717, -1.625882338254544, 5.474555133519906, 3.4614378193023723]}, "4": {"h": [[-0.0, -0.05354456329345704, 0.01689068603515624, 0.22702502441406247], [0.0, 0.8265, 0.5964309387207032, 0.48024942016601563], [0.0, -0.13460314941406254, -0.35978039550781254, -0.5295576171875]], "r": [0.8976714713454936, 1.2672813403568595, 0.5438947679764137, 0.9618805614106061, -1.5056201415240706, 5.621475220993635, -2.5762473734964084]}, "5": {"h": [[-0.0, -0.057310218811035166, 0.04145933532714843, 0.3080466384887695], [0.0, 0.8265, 0.6388489227294922, 0.567501937866211], [0.0, -0.1368806152343754, -0.35838964843750026, -0.4431444091796877]], "r": [0.6557666834340733, 1.267692754629152, 0.5172488629991577, 1.3421836226788093, -1.2014043863924406, 5.373531217646096, -4.669740802556807]}, "6": {"h": [[-0.0, -0.0568390121459961, 0.06452945709228516, 0.35111788177490233], [0.0, 0.8265, 0.7097265930175781, 0.7135125961303711], [0.0, -0.15097119140624998, -0.36320507812499986, -0.36757019042968736]], "r": [0.6741480252287805, 1.3618858638311664, 0.6396830796298829, 1.634128374374536, -1.0295937656672178, 5.152923370818805, -1.2871553816888248]}, "7": {"h": [[-0.0, -0.07399091720581054, 0.04866682052612305, 0.2940168342590332], [0.0, 0.8265, 0.8258103103637695, 0.9303047485351563], [0.0, -0.15422827148437507, -0.357384521484375, -0.33112927246093743]], "r": [0.8462957757918216, 1.6620618894006438, 0.5935282952283306, 1.9759479568981517, -0.864914843291607, 4.898438048042907, -0.6310887020808618]}, "8": {"h": [[-0.0, -0.07200357055664063, -0.043517402648925785, 0.1263289566040039], [0.0, 0.8265, 0.9220106430053711, 1.1184909210205078], [0.0, -0.13152465820312492, -0.36905126953124984, -0.38504248046874984]], "r": [0.9926252516985281, 1.9745175635088243, 0.3838354271516117, 2.294921024939243, -0.8750066811850576, 4.817535039623256, 0.9164859748544587]}, "9": {"h": [[-0.0, -0.05784471893310546, -0.12129830169677734, -0.02674508666992187], [0.0, 0.8265, 0.9199353103637695, 1.1651142730712891], [0.0, -0.13428710937500005, -0.37421020507812514, -0.4149340820312502]], "r": [1.1692500176051843, 2.102643667080601, 0.3925079248942343, 2.240200757094663, -1.2385568743066064, 4.84068798453032, -2.0763676531098243]}, "10": {"h": [[-0.0, -0.059323539733886724, -0.1422851028442383, -0.08703740692138671], [0.0, 0.8265, 0.9126546783447266, 1.1687707214355467], [0.0, -0.1342689208984374, -0.37335815429687497, -0.42537512207031264]], "r": [1.5169567475936718, 1.9498634140041773, 0.5207345808680216, 1.8688065811988332, -1.5007245899492707, 4.657169434327167, -1.5687781619148904]}, "11": {"h": [[-0.0, -0.05761170196533204, -0.16343245697021486, -0.1446443405151367], [0.0, 0.8265, 0.903411979675293, 1.1624955139160158], [0.0, -0.13337585449218753, -0.3744232177734373, -0.4330213623046873]], "r": [1.717864612863677, 1.8785840077188425, 0.5440705854953071, 1.7478473986869614, -1.582505521059426, 4.583873535093383, -0.5919237763007986]}, "12": {"h": [[-0.0, -0.05775651550292969, -0.19638417053222657, -0.2280167694091797], [0.0, 0.8265, 0.8950143966674804, 1.1465305633544922], [0.0, -0.1330957031249998, -0.37350976562499977, -0.4441755371093748]], "r": [1.7946503951931627, 1.8933224130100434, 0.4739669937113069, 2.0825790010153065, -1.2617108391937037, 4.684802655876106, -3.5946308917143024]}, "13": {"h": [[-0.0, -0.05715626525878907, -0.22846855163574215, -0.31956187438964845], [0.0, 0.8265, 0.8530343685150146, 1.085612091064453], [0.0, -0.13077172851562519, -0.3692717285156251, -0.46896240234375003]], "r": [1.6709202458789623, 1.8768392029168217, 0.25207024599486694, 1.8583471537094869, -1.5000126052686502, 4.717618531188999, 2.8881359093746304]}, "14": {"h": [[-0.0, -0.05610023498535158, -0.25556626892089845, -0.45492259216308595], [0.0, 0.8265, 0.7730813369750977, 0.9109836044311523], [0.0, -0.1289750976562501, -0.36339990234375, -0.517117919921875]], "r": [1.6110716223480006, 1.5976265450107314, -0.09310205389175502, 1.6135868951586414, -1.3767095274843775, 4.505791634907393, 3.363687596200852]}, "15": {"h": [[-0.0, -0.050908447265625004, -0.22621850585937503, -0.4475310974121094], [0.0, 0.8265, 0.6712467346191406, 0.6452596740722657], [0.0, -0.13080676269531227, -0.3612086181640624, -0.5553233642578124]], "r": [1.632114317706683, 1.2643673544875111, -0.1082077003728071, 1.6648875397841925, -1.1261492051288817, 4.782985729806874, -3.8860370961739665]}, "16": {"h": [[-0.0, -0.0520343017578125, -0.15677159118652345, -0.3009805145263672], [0.0, 0.8265, 0.6244941864013672, 0.5148301849365234], [0.0, -0.13346813964843768, -0.36088354492187485, -0.5945443115234375]], "r": [1.3566279264836005, 1.2862120407136954, -0.23071359240556788, 1.5948237417606645, -1.1571420377425163, 5.037038724487249, 5.248920311361314]}}, "id": 1}