{"count": 11, "poses_seq": {"0": {"h": [[-0.0, -0.06836691284179687, -0.10067019271850586, 0.06180898284912109], [0.0, 0.8265, 0.6790609283447265, 0.5768722839355469], [0.0, -0.18839318847656245, -0.43145922851562496, -0.6261121826171874]], "r": [2.4719708257076993, 1.31453642690603, -2.017093846247187, 4.628136868088695, -0.0744872929995663, 1.88346444706315, -2.399820900859067]}, "1": {"h": [[-0.0, -0.072540771484375, -0.14123120117187501, -0.043876441955566406], [0.0, 0.8265, 0.704579360961914, 0.6446516876220703], [0.0, -0.18625305175781254, -0.42911523437500004, -0.6778308105468751]], "r": [2.2829663113966063, 1.0424245263035328, -2.3753919811727493, 4.556872748443471, -0.17997065684866734, 1.971950310810703, -5.397357871569183]}, "2": {"h": [[-0.0, -0.0728397445678711, -0.23945542907714842, -0.21483149719238281], [0.0, 0.8265, 0.7570961303710938, 0.7506498413085938], [0.0, -0.1861933593750001, -0.3990568847656251, -0.671294921875]], "r": [2.5156233538747297, 1.37378300047011, -2.4125109345719173, 4.242167742742412, -0.03325240181737508, 1.7489867420350118, 3.653946569783957]}, "3": {"h": [[-0.0, -0.0712636489868164, -0.2733134613037109, -0.31843809509277343], [0.0, 0.8265, 0.7630056915283203, 0.8157018737792969], [0.0, -0.1825891113281249, -0.3820238037109374, -0.6452443847656248]], "r": [2.3079280726412987, 1.2661567569945742, -2.6873483489520655, 4.20937253709973, -0.2916254448816607, 1.7893523680970564, -4.074688760627737]}, "4": {"h": [[-0.0, -0.0745354766845703, -0.29694908142089843, -0.4278279876708984], [0.0, 0.8265, 0.7525183715820313, 0.8435693969726563], [0.0, -0.18170458984375, -0.36718859863281234, -0.5912769775390623]], "r": [2.463244370134927, 1.3415536319423804, -2.567445129716421, 4.140904400578268, -0.4950170507195124, 1.708151399378475, 0.02421334095784014]}, "5": {"h": [[-0.0, -0.07316148376464843, -0.3271701011657715, -0.5342849388122558], [0.0, 0.8265, 0.7424320373535156, 0.82240966796875], [0.0, -0.17912658691406264, -0.3391416015625, -0.5086888427734375]], "r": [2.4082325843958317, 1.2289717722272189, -2.7047361133193513, 4.32978041554015, -0.8021023568474709, 1.769134655943211, -0.3169520571908747]}, "6": {"h": [[-0.0, -0.0762724437713623, -0.34829525566101077, -0.6093142986297607], [0.0, 0.8265, 0.7088189392089843, 0.7395407104492188], [0.0, -0.1762272949218749, -0.30181176757812495, -0.41589794921874984]], "r": [2.3156639352145194, 1.1871326882027682, -2.9552852700147274, 4.325699697218646, -0.8319636657642336, 1.6057140902082487, 0.7400249301455171]}, "7": {"h": [[-0.0, -0.08069111633300781, -0.2588157920837402, -0.4913852195739746], [0.0, 0.8265, 0.6109066467285156, 0.5059487152099609], [0.0, -0.1793319091796875, -0.30478015136718734, -0.4548848876953125]], "r": [2.289429204939112, 0.9147466232707541, -2.9197517741104293, 4.283262265698147, -0.5573806505864948, 1.3214587644539597, 0.2360252490611314]}, "8": {"h": [[-0.0, -0.0833070297241211, -0.19659865951538086, -0.35651040267944334], [0.0, 0.8265, 0.5863539123535156, 0.4638810806274414], [0.0, -0.18206823730468763, -0.3475687255859375, -0.5543843994140625]], "r": [2.090132946794241, 0.7224302946049189, -2.836583497135965, 4.474215589353385, -0.5828551904774012, 1.5027109943517298, 2.636217413895943]}, "9": {"h": [[-0.0, -0.07301406288146972, -0.11143052101135253, -0.15979766273498536], [0.0, 0.8265, 0.568975830078125, 0.48712136840820314], [0.0, -0.1853624267578125, -0.39599060058593755, -0.6552882080078126]], "r": [1.765988648719278, 0.8276394419527939, -2.795235370121171, 4.37104920515478, -0.61769571189718, 1.3852635381578504, -0.3134180729314962]}, "10": {"h": [[-0.0, -0.07983850860595704, -0.004375785827636716, 0.032465198516845706], [0.0, 0.8265, 0.6353502197265626, 0.6357143859863281], [0.0, -0.19270703125000016, -0.40390490722656264, -0.6768824462890626]], "r": [1.545347854198532, 1.0694081355422056, -2.8844169247403286, 4.20394585894429, -0.382455735779069, 1.4376305186502907, 1.872865980557618]}}, "id": 41}