{"count": 47, "poses_seq": {"0": {"h": [[-0.0, -0.0734341926574707, 0.080282527923584, 0.3032624473571777], [0.0, 0.8265, 0.86755322265625, 1.011193161010742], [0.0, -0.19379272460937497, -0.40290832519531256, -0.4532932128906249]], "r": [-0.7780313735791599, 2.529723537377041, 2.6826380317031053, 4.9201735542230445, -1.581592367323, 2.1583368182973897, 0.9498695669296378]}, "1": {"h": [[-0.0, -0.07720919036865236, 0.04427035522460938, 0.23610852813720704], [0.0, 0.8265, 0.8661106719970704, 1.010109161376953], [0.0, -0.18932788085937508, -0.4382979736328126, -0.5584492187500001]], "r": [-0.9569595760120693, 2.7964498111591474, 2.726354809267233, 4.958385245189927, -1.781040919412677, 2.257333266953844, 1.3279744905988167]}, "2": {"h": [[-0.0, -0.07795327758789063, 0.02478460693359375, 0.17032275390624999], [0.0, 0.8265, 0.8585660095214844, 0.9675528564453124], [0.0, -0.17664465332031237, -0.4576534423828123, -0.6459315185546874]], "r": [-0.9671187566303837, 3.177743334786304, 2.7672784656097047, 4.925454839788498, -1.9151214875367295, 1.8707744921720575, 2.2805832014981773]}, "3": {"h": [[-0.0, -0.0730654296875, 0.029178504943847654, 0.11614400482177734], [0.0, 0.8265, 0.8075757808685303, 0.8337516975402832], [0.0, -0.18419750976562527, -0.4838531494140626, -0.7255483398437501]], "r": [-1.0004383472875935, 3.196344959822211, 2.7975336929961307, 5.034188643488876, -1.850487144947556, 2.166880369792392, 3.053701435262286]}, "4": {"h": [[-0.0, -0.06945333099365235, 0.02919061279296875, 0.1595319290161133], [0.0, 0.8265, 0.6731064147949218, 0.590215576171875], [0.0, -0.17844885253906245, -0.44592431640625013, -0.662913818359375]], "r": [-0.8156123974490781, 3.2819674324914345, 2.4804537832407054, 5.422307597132711, -2.053739947926399, 2.2846477529073645, 5.997863563264318]}, "5": {"h": [[-0.0, -0.0717562255859375, 0.06088272094726563, 0.2547830276489258], [0.0, 0.8265, 0.6347184906005859, 0.4974896087646484], [0.0, -0.1653074951171874, -0.377295166015625, -0.5462103271484375]], "r": [-0.8593476702645091, 3.627560057507609, 2.482101679574335, 5.529998807801932, -1.772534081488948, 2.0113264656239984, -2.070156945912114]}, "6": {"h": [[-0.0, -0.06646035766601563, 0.1063759765625, 0.37004654693603517], [0.0, 0.8265, 0.6319139709472656, 0.5265502014160156], [0.0, -0.1633586425781251, -0.3280291748046876, -0.39362548828125005]], "r": [-1.0038275297491819, 3.9410020648679733, 2.305641945266914, 5.623964879361968, -1.7210617581709613, 1.8790708374901726, -0.3491756535591567]}, "7": {"h": [[-0.0, -0.060264007568359375, 0.14818565368652342, 0.43589576721191403], [0.0, 0.8265, 0.6722872009277343, 0.6416937255859375], [0.0, -0.16647900390624987, -0.31441015624999996, -0.312154296875]], "r": [-1.2365992933027157, 3.821308474205676, 2.268644648071224, 5.2432240864099064, -1.3574665931172352, 1.6466011842891954, -2.7205605466218197]}, "8": {"h": [[-0.0, -0.0443394603729248, 0.1589103412628174, 0.4348019275665283], [0.0, 0.8265, 0.77157763671875, 0.8375471267700195], [0.0, -0.19128417968750006, -0.32728137207031255, -0.2716556396484376]], "r": [-1.204437341743729, 3.457887968217225, 2.2469641334067147, 4.960947695949585, -1.4908954640196062, 1.4294149013350057, -0.7285112244934724]}, "9": {"h": [[-0.0, -0.057159550666809084, 0.11226574230194092, 0.3373682661056519], [0.0, 0.8265, 0.864388240814209, 1.012144073486328], [0.0, -0.20964904785156252, -0.38159301757812486, -0.38273620605468733]], "r": [-1.077726265235058, 3.4820154662464984, 2.220098851775916, 4.778032471644483, -1.8652391777554571, 1.3475082541227195, 1.138310527237255]}, "10": {"h": [[-0.0, -0.0711750431060791, 0.05790907859802246, 0.23722049522399902], [0.0, 0.8265, 0.8784360923767089, 1.0554761352539064], [0.0, -0.19295544433593742, -0.4275319824218749, -0.5063713378906249]], "r": [-0.7114406203803136, 3.307625776315851, 2.3525634009087986, 4.381066228732566, -1.47804874800996, 1.527500863733263, -1.953084030284217]}, "11": {"h": [[-0.0, -0.07163491821289061, 0.030982650756835938, 0.17900629425048828], [0.0, 0.8265, 0.8750405616760254, 1.049237030029297], [0.0, -0.181107421875, -0.43909191894531246, -0.5666768798828123]], "r": [-0.6141546499665916, 3.1376167770200674, 2.514457235927611, 4.588283388533611, -1.6219347797107135, 1.6993842238225154, -4.933405360105222]}, "12": {"h": [[-0.0, -0.07703079795837403, -0.005245649337768554, 0.10994030952453612], [0.0, 0.8265, 0.8410193786621094, 0.9799724426269532], [0.0, -0.18022692871093754, -0.4752838134765625, -0.660158447265625]], "r": [-0.8588665940594064, 3.354524202949586, 2.7022584220295824, 4.792357764217422, -1.8783243915372723, 1.655477828671471, -0.8552566904202609]}, "13": {"h": [[-0.0, -0.07088094329833985, -0.004960197448730469, 0.07259042358398438], [0.0, 0.8265, 0.7579553146362304, 0.7788289489746094], [0.0, -0.16542968750000014, -0.47878540039062495, -0.7245845947265623]], "r": [-1.0583753831194442, 3.4395117063613547, 3.0166025273461274, 4.764933135684349, -1.5018501122501613, 1.7106836301556994, -0.4836699700863732]}, "14": {"h": [[-0.0, -0.06710557556152344, 0.011205932617187504, 0.15689080810546874], [0.0, 0.8265, 0.6820108489990234, 0.6279009246826173], [0.0, -0.1755483398437499, -0.45172387695312494, -0.6706145019531249]], "r": [-0.8706722297257434, 3.565451244503205, 2.643652554434098, 5.059336911232351, -1.4762185012649973, 1.84514950145779, 1.7412733743825868]}, "15": {"h": [[-0.0, -0.05377814483642578, 0.060461296081542965, 0.26921849060058595], [0.0, 0.8265, 0.6525994873046875, 0.5532668151855469], [0.0, -0.1713913574218749, -0.40268383789062506, -0.5743162841796876]], "r": [-1.057855628487798, 3.440223636310591, 2.695830987762333, 5.3957176049889775, -1.6985040463187158, 1.9804851521933586, 4.224481384478485]}, "16": {"h": [[-0.0, -0.05766082000732422, 0.08501619720458985, 0.34266466522216793], [0.0, 0.8265, 0.6612273712158203, 0.5737033843994142], [0.0, -0.1832257080078124, -0.3754105224609375, -0.467082275390625]], "r": [-1.3128554623787894, 3.1972937749084442, 2.8244512669103106, 5.301374561445147, -1.3756258106237027, 2.0275930470546286, 0.10815847306995474]}, "17": {"h": [[-0.0, -0.06287128829956054, 0.1015898323059082, 0.3878994789123535], [0.0, 0.8265, 0.6851116638183594, 0.6583601379394531], [0.0, -0.18079589843750005, -0.35942187499999984, -0.3675170898437499]], "r": [-1.2434727904282559, 3.1306348489251974, 2.725597745174932, 5.45677541787373, -1.6521610290461715, 1.774867044229896, -0.24031317784997389]}, "18": {"h": [[-0.0, -0.058472564697265625, 0.10467021179199218, 0.3671722946166992], [0.0, 0.8265, 0.739423240661621, 0.836265739440918], [0.0, -0.1828807373046875, -0.3584324951171876, -0.29065087890625013]], "r": [-1.3384115165180785, 3.0049826003783395, 2.8871061513205265, 5.296842500566234, -1.7272968071352615, 1.4439177019894331, 0.09777200463013229]}, "19": {"h": [[-0.0, -0.07569077301025391, 0.047846351623535156, 0.26603443908691404], [0.0, 0.8265, 0.7775362548828125, 0.9575195922851563], [0.0, -0.169471435546875, -0.3805582275390625, -0.3742989501953125]], "r": [-1.0209464055590662, 2.7797232459362093, 2.866807051618657, 5.298925466065491, -2.0569833242771858, 1.6083968848235155, 1.0480557089856448]}, "20": {"h": [[-0.0, -0.08105342864990234, 0.0031309661865234414, 0.17664292144775393], [0.0, 0.8265, 0.7833865890502929, 0.9780836639404297], [0.0, -0.16850915527343774, -0.40089685058593766, -0.48193078613281265]], "r": [-1.076754165551233, 2.8345914559957115, 2.954143905812306, 5.204463975286118, -2.092041216592501, 1.8939657560105885, 3.196086995537675]}, "21": {"h": [[-0.0, -0.08073313903808593, -0.03380632019042969, 0.09876692199707032], [0.0, 0.8265, 0.7563097839355468, 0.9361650848388672], [0.0, -0.16835034179687486, -0.4216787109374998, -0.5585533447265623]], "r": [-0.9721204635622469, 2.9619289154789117, 3.0063695810460973, 4.997907757634331, -1.731351389427519, 1.8942496931102433, -2.010632088312149]},