{"count": 55, "poses_seq": {"0": {"h": [[-0.0, -0.050854667663574216, -0.225210090637207, -0.027870292663574214], [0.0, 0.8265, 0.8784819030761719, 0.9857586975097656], [0.0, -0.15313525390624988, -0.3102218017578125, -0.43682983398437486]], "r": [-0.8237549007185337, 4.745129257434056, -2.452766318998188, 1.5135268122992376, -0.6821734562842391, 3.9568742483846253, 2.1032150909590555]}, "1": {"h": [[-0.0, -0.04797118377685547, -0.1503199996948242, 0.09349854278564454], [0.0, 0.8265, 0.896470932006836, 0.9753892974853515], [0.0, -0.13198132324218742, -0.32592749023437523, -0.38565380859375004]], "r": [-0.6531428995812621, 4.433309797228037, -2.2317268945893938, 1.5738222395490156, -0.6627652914283024, 4.131975526233502, 3.928718391026798]}, "2": {"h": [[-0.0, -0.05977378845214844, -0.07568942260742188, 0.1825594482421875], [0.0, 0.8265, 0.9331805725097657, 0.9979240722656251], [0.0, -0.1441411132812503, -0.3455290527343751, -0.3373387451171877]], "r": [-0.6907192384288138, 4.207378363275768, -2.0661575094420424, 1.60393788390485, -0.8851977723536238, 4.290873003701873, -2.0346490392027214]}, "3": {"h": [[-0.0, -0.055474903106689455, -0.007967166900634766, 0.23078052139282224], [0.0, 0.8265, 0.9934126892089843, 1.0790992431640625], [0.0, -0.16504821777343764, -0.3636854248046875, -0.4218027343750002]], "r": [-1.0231401965987044, 4.1825112889096525, -1.9622437886938364, 1.9769211677688268, -0.850037590807492, 4.475128517995845, -4.342132327605224]}, "4": {"h": [[-0.0, -0.052824413299560544, -0.0287222785949707, 0.16954851913452149], [0.0, 0.8265, 1.0159267120361328, 1.1253951873779298], [0.0, -0.1786442871093748, -0.3919113769531249, -0.5184897460937499]], "r": [-1.3569859289296868, 4.461374218983097, -2.3528262064534533, 2.1414566870014067, -0.6358066014895938, 4.411412970643269, 0.8202058144505079]}, "5": {"h": [[-0.0, -0.05264289855957031, -0.062307075500488286, 0.060077316284179685], [0.0, 0.8265, 1.0192764892578126, 1.1514339904785156], [0.0, -0.18048632812499982, -0.4159124755859374, -0.6051328125]], "r": [-1.277369968831023, 4.409999225956036, -2.2377268504696954, 2.3672333449716803, -0.8161939864913242, 4.588958271405176, 2.1968841663296654]}, "6": {"h": [[-0.0, -0.058700660705566406, -0.11690982818603515, -0.07725305938720703], [0.0, 0.8265, 1.012458984375, 1.1532642211914061], [0.0, -0.17673364257812502, -0.42135937500000004, -0.63987060546875]], "r": [-1.2079069881231888, 4.56654800111182, -2.457191293824501, 2.164763609665825, -0.8833012237490446, 4.361980699942712, 2.85430033088162]}, "7": {"h": [[-0.0, -0.06030500030517578, -0.21043195343017576, -0.24919745635986326], [0.0, 0.8265, 0.9895393829345703, 1.1415624694824218], [0.0, -0.173907470703125, -0.38326696777343733, -0.6134516601562499]], "r": [-0.8791688032899975, 4.597057895296766, -2.474932204896108, 2.156644408169377, -0.7266528202508155, 4.301124545534503, 3.838129804785294]}, "8": {"h": [[-0.0, -0.05166127777099609, -0.27878040313720703, -0.24013440704345707], [0.0, 0.8265, 0.8832380981445312, 1.0453740997314453], [0.0, -0.17084729003906213, -0.3062650146484374, -0.5103704833984373]], "r": [-0.8952014738280413, 4.707972481901026, -2.552982177285719, 1.9459379274109947, -0.7628471523849901, 4.328950754338782, -2.3963660337942745]}, "9": {"h": [[-0.0, -0.04813874816894531, -0.2647288055419922, -0.16288627624511717], [0.0, 0.8265, 0.8746510696411133, 1.0370545806884766], [0.0, -0.16670373535156263, -0.29626843261718744, -0.4714351806640625]], "r": [-0.6406046757061754, 4.659525698012381, -2.3411777491959245, 1.6763862899208246, -0.9177835364355873, 4.137823252968444, -3.4207918205409737]}, "10": {"h": [[-0.0, -0.04649868774414062, -0.2287103576660156, -0.045897872924804684], [0.0, 0.8265, 0.8719502067565919, 1.022906524658203], [0.0, -0.15887573242187508, -0.3034796142578125, -0.41094262695312495]], "r": [-0.9798697136277028, 4.548431990786477, -2.379379845469005, 1.8744113631959465, -0.7750663155134085, 4.496264902648253, 0.6015400190800824]}, "11": {"h": [[-0.0, -0.043075843811035144, -0.17358647918701176, 0.05240929412841797], [0.0, 0.8265, 0.8842695007324219, 1.0157742309570312], [0.0, -0.16609216308593738, -0.33895617675781226, -0.38139624023437496]], "r": [-1.0199485041745684, 4.359147532720612, -2.134136102853288, 1.9550512743668906, -0.8850135427283371, 4.714605961916332, -0.5852228811432466]}, "12": {"h": [[-0.0, -0.058280632019042974, -0.05814995574951172, 0.19413640594482423], [0.0, 0.8265, 0.9095967483520508, 1.0058559112548828], [0.0, -0.1591352539062501, -0.3609470214843749, -0.33562646484374997]], "r": [-0.9746969591428731, 4.053532402512096, -1.871733569144758, 2.0598405289211064, -0.8210802495210806, 4.816537010727642, 0.5206845291460008]}, "13": {"h": [[-0.0, -0.06003429412841797, 0.004723258972167965, 0.24110611724853515], [0.0, 0.8265, 1.006712860107422, 1.1036160736083986], [0.0, -0.16683935546875, -0.34726977539062515, -0.406461181640625]], "r": [-1.0790891727621772, 4.079781314435145, -1.9700144475849872, 2.2160579766265953, -0.6737990127768453, 4.623600702194317, 0.3586207774813534]}, "14": {"h": [[-0.0, -0.048870037078857426, 0.008470298767089844, 0.20557040023803713], [0.0, 0.8265, 1.0252149963378905, 1.1496492462158203], [0.0, -0.18955615234375017, -0.38990734863281246, -0.5060791015624999]], "r": [-0.8178733041747166, 4.036248017513672, -2.066099516916569, 2.190732613892061, -0.41651173907401956, 4.356897416773016, -0.3991051836246381]}, "15": {"h": [[-0.0, -0.039657817840576176, -0.01613213729858398, 0.1285444679260254], [0.0, 0.8265, 1.0417216796875, 1.1890782928466797], [0.0, -0.19310046386718743, -0.4044013671874998, -0.5666827392578122]], "r": [-1.0499151081904028, 4.193739440382007, -2.184583618571633, 2.431893729419621, -0.4056662360333379, 4.510926972729534, -1.269393040509746]}, "16": {"h": [[-0.0, -0.044907939910888664, -0.06670564651489257, 0.004178127288818362], [0.0, 0.8265, 1.0440275878906249, 1.2143544158935549], [0.0, -0.20369384765624982, -0.4067833251953124, -0.6030054931640623]], "r": [-0.7537255869954048, 4.109780111972558, -2.150651613975089, 2.4698829808023963, -0.3004222951664292, 4.453862288315762, 1.3753666042134651]}, "17": {"h": [[-0.0, -0.0569109344482422, -0.13559191131591797, -0.1495618209838867], [0.0, 0.8265, 1.0143802795410157, 1.1733991394042969], [0.0, -0.17317016601562513, -0.40546093750000006, -0.6164787597656249]], "r": [-0.8325821969053534, 4.475140082839005, -2.4961618442742175, 2.2403759017809097, -0.3401807792044307, 4.250860110865948, 0.4559679345404708]}, "18": {"h": [[-0.0, -0.050761924743652334, -0.2812583694458008, -0.2464201736450195], [0.0, 0.8265, 0.8766321105957031, 1.059208267211914], [0.0, -0.15097424316406266, -0.28299548339843766, -0.4631419677734377]], "r": [-0.7647312741222595, 4.666181263658251, -2.5276869368873567, 1.9160532506332735, -0.7262781220501318, 4.305659930571428, 0.3123475640438295]}, "19": {"h": [[-0.0, -0.05204357147216797, -0.27704711151123046, -0.17810082244873043], [0.0, 0.8265, 0.8606355781555175, 1.0430160217285156], [0.0, -0.15740686035156265, -0.2731641845703126, -0.43003295898437527]], "r": [-0.5549299830286525, 4.4575714000559765, -2.285963393149411, 2.0429426772778085, -0.651045281930307, 4.547491813929563, 2.8569229170592125]}, "20": {"h": [[-0.0, -0.04913191986083984, -0.24622786712646486, -0.08026935577392577], [0.0, 0.8265, 0.8667366256713867, 1.0360460205078126], [0.0, -0.15419848632812522, -0.2753549804687499, -0.3906535644531251]], "r": [-0.7858264510263108, 4.494863121945402, -2.2579038535232083, 1.781110582493849, -0.9648412509252029, 4.4851190207416805, -0.12818045456716198]}, "21": {"h": [[-0.0, -0.047907562255859376, -0.20059489440917969, 0.01698625183105469], [0.0, 0.8265, 0.8924679107666016, 1.034550567626953], [0.0, -0.1582322998046875, -0.30399768066406235, -0.3643795166015625]], "r": [-1.04159043867849, 4.588699670511239, -2.454060396675782, 1.6627898240039318, -0.7891294767384709, 4.224581848032462, 0.23690587522673795]},