{"count": 9, "poses_seq": {"0": {"h": [[-0.0, -0.06664280700683595, -0.08524591064453126, 0.11898761367797851], [0.0, 0.8265, 0.6263360443115235, 0.4754820404052735], [0.0, -0.1977706298828124, -0.40251940917968737, -0.5507266845703123]], "r": [1.7761252544219557, 2.184393422257351, -1.7327761325530395, 4.770147065764278, 1.1111839375598473, 0.8321874913968682, 1.22774191426698]}, "1": {"h": [[-0.0, -0.06884378814697266, -0.10589898681640625, 0.0324813232421875], [0.0, 0.8265, 0.6414577026367188, 0.5404140090942383], [0.0, -0.19389453125000006, -0.4254982910156249, -0.6391544189453124]], "r": [1.9491415732464046, 2.088194730013625, -2.010945583482415, 4.504149848177059, 1.3567968399922032, 0.7179438697279329, 1.8173161975926]}, "2": {"h": [[-0.0, -0.07555824279785156, -0.16191288757324218, -0.08276045227050782], [0.0, 0.8265, 0.689074462890625, 0.6466193313598633], [0.0, -0.19413049316406245, -0.4228344726562499, -0.6807606201171874]], "r": [2.1342720825984136, 2.3906129194206236, -1.7582160980676276, 4.630521091680654, 1.5808322978154503, 0.9838798066702288, 0.2811066195246775]}, "3": {"h": [[-0.0, -0.0791037368774414, -0.2546734390258789, -0.25471445465087894], [0.0, 0.8265, 0.7534362182617187, 0.8068775634765625], [0.0, -0.19025646972656235, -0.3973796386718749, -0.6651654052734373]], "r": [2.2663068564408353, 2.5521460479653464, -1.5747609257940454, 4.485793195546925, 1.8054398275983952, 1.0394542781001146, 1.4092027151778366]}, "4": {"h": [[-0.0, -0.074435302734375, -0.2720346908569336, -0.37112432098388676], [0.0, 0.8265, 0.7466501770019531, 0.8644924316406251], [0.0, -0.18712512207031257, -0.3778619384765625, -0.6049548339843751]], "r": [2.538531337882224, 2.5084964876521654, -1.8549461351670553, 4.447595546652964, 1.9352422303170491, 1.0116222016476037, -0.35297611007529783]}, "5": {"h": [[-0.0, -0.07340774726867676, -0.30204049110412595, -0.47689104652404785], [0.0, 0.8265, 0.7368751678466797, 0.8712711486816407], [0.0, -0.18440576171875006, -0.35598059082031247, -0.5268594970703124]], "r": [2.7266690451636157, 2.4324891223865297, -1.8123952339971647, 4.779356035345458, 2.284829232236601, 0.9322660347774062, 1.713689096559888]}, "6": {"h": [[-0.0, -0.07501555633544922, -0.3353107681274414, -0.5698101577758788], [0.0, 0.8265, 0.7101682739257813, 0.8124214172363282], [0.0, -0.1802626953125, -0.31490551757812507, -0.42676867675781255]], "r": [2.932616845425823, 2.219921761428986, -2.129561375173191, 4.89014612319585, 2.3584273508598277, 0.8008456807297812, -1.1005369804632883]}, "7": {"h": [[-0.0, -0.07520361137390137, -0.3026530055999756, -0.5924340724945069], [0.0, 0.8265, 0.6185861053466797, 0.571047046661377], [0.0, -0.1743188476562501, -0.2683686523437501, -0.34796130371093753]], "r": [3.068558120448054, 1.9450086265275095, -2.1805960026967117, 5.2808400996834575, 2.0891340735738138, 0.6918806588191938, -3.502028826392008]}, "8": {"h": [[-0.0, -0.07686644172668458, -0.24040774726867675, -0.4840818500518799], [0.0, 0.8265, 0.5747558135986328, 0.4453514862060547], [0.0, -0.17642309570312503, -0.280748291015625, -0.4144932861328126]], "r": [2.905086857773452, 1.7750579844131227, -2.3277057403299244, 5.291005436038594, 1.7442210838015222, 0.6632789451552927, 2.3769302059908974]}}, "id": 44}