{"count": 19, "poses_seq": {"0": {"h": [[-0.0, -0.033469970703125, -0.07498255920410156, 0.1447129020690918], [0.0, 0.8265, 0.5826105346679687, 0.5640382041931152], [0.0, -0.18116699218749993, -0.27241735839843756, -0.49004797363281255]], "r": [-0.6341945984082559, 4.280350734014936, -2.083104307924283, 1.5024202311051291, 0.511127944679475, 4.6240093705236385, -1.6318466249102288]}, "1": {"h": [[-0.0, -0.035600341796875004, -0.06574796295166016, 0.2038063507080078], [0.0, 0.8265, 0.6028118743896484, 0.6682224731445312], [0.0, -0.16868310546875015, -0.30241723632812506, -0.4500501708984375]], "r": [-0.834240148321063, 4.0352433687455544, -1.8790925831627079, 1.8049798734857974, 0.1933857980013643, 4.87941336867956, 0.4513867158177088]}, "2": {"h": [[-0.0, -0.05100711059570313, -0.09400163269042969, 0.05651277160644531], [0.0, 0.8265, 0.679896240234375, 0.9330793151855469], [0.0, -0.17062438964843746, -0.34221435546874984, -0.4624298095703124]], "r": [-0.5087942859243563, 4.023785671333038, -2.0656940284908423, 2.1259334735595874, -0.1231336794196973, 4.834745060537508, 1.1990080509689807]}, "3": {"h": [[-0.0, -0.06366600227355956, -0.11062249946594238, -0.03717121315002442], [0.0, 0.8265, 0.6737266235351562, 0.9414780578613281], [0.0, -0.16694213867187485, -0.34097277832031253, -0.48741796875000004]], "r": [-0.2477322583227746, 3.8362433630586854, -1.99383233384927, 2.237716426380782, -0.01462278544619723, 4.89446189821153, -1.797473471143634]}, "4": {"h": [[-0.0, -0.07157992553710937, -0.13942138290405273, -0.12357979202270508], [0.0, 0.8265, 0.6396732788085937, 0.8843150024414063], [0.0, -0.18356896972656261, -0.3358093261718749, -0.49106982421874995]], "r": [0.07882691372903311, 3.9103906137996107, -2.0515914749456887, 1.9594025650584104, -0.015210350041022733, 4.623954907174297, -1.1254051639115963]}, "5": {"h": [[-0.0, -0.06604126167297364, -0.13838491249084472, -0.18590397071838377], [0.0, 0.8265, 0.6286207885742188, 0.8270257263183594], [0.0, -0.18183081054687494, -0.32388806152343746, -0.5358746337890625]], "r": [0.22727474770248868, 3.98260631710365, -2.024650701181317, 1.7334201758981795, 0.022458358780202133, 4.316242739583969, -3.6644195384386054]}, "6": {"h": [[-0.0, -0.05271276664733887, -0.11189133644104005, -0.10901235389709472], [0.0, 0.8265, 0.6019022369384766, 0.607492546081543], [0.0, -0.18071679687499992, -0.24748120117187505, -0.5624049072265624]], "r": [0.1960569044862112, 3.615243676935057, -1.7014088830500531, 1.4701912997586704, -0.02808982607271276, 4.222263967056773, 0.08098166842796295]}, "7": {"h": [[-0.0, -0.056881911277770994, -0.005288947105407715, 0.08253840351104735], [0.0, 0.8265, 0.5665154418945313, 0.5590451889038086], [0.0, -0.18083911132812497, -0.31767871093750016, -0.5777922363281249]], "r": [-0.15499828045523423, 3.8217424219181098, -1.7382560301870524, 1.318384107395077, 0.07657365284631643, 4.03072905294204, 0.9976296394584929]}, "8": {"h": [[-0.0, -0.059061904907226556, 0.002817363739013673, 0.19895158004760743], [0.0, 0.8265, 0.6032044525146485, 0.6169820098876954], [0.0, -0.18452844238281269, -0.33888464355468756, -0.5296153564453125]], "r": [-0.08334637074524874, 3.7230423776846315, -2.12732708813136, 1.1812017950665117, 0.4022809905012829, 3.820882392304628, 3.259922087414082]}, "9": {"h": [[-0.0, -0.06791045379638672, 0.02533855438232422, 0.26824187469482424], [0.0, 0.8265, 0.6526439056396485, 0.7077893066406251], [0.0, -0.18835205078125022, -0.3753848876953126, -0.49514221191406255]], "r": [-0.3092853287746925, 3.9201428598072914, -2.284808211627955, 1.211025240265521, 0.6960604319227451, 3.849354477933296, -5.517779290767416]}, "10": {"h": [[-0.0, -0.07562635803222656, -0.03722016906738281, 0.13595848083496095], [0.0, 0.8265, 0.7435903930664063, 0.9424143981933595], [0.0, -0.19205847167968743, -0.41210278320312504, -0.4957691650390626]], "r": [0.017484604642678394, 3.8244247286892077, -2.493265472281946, 1.5999059144661376, 0.48268203026142087, 4.028242951206482, 0.3361902475344737]}, "11": {"h": [[-0.0, -0.06219281196594238, -0.11710927581787109, -0.004891860961914067], [0.0, 0.8265, 0.6961991729736328, 0.9219822387695313], [0.0, -0.1547592773437499, -0.393785400390625, -0.5132052001953125]], "r": [0.11358369143334059, 3.85140246275372, -2.508612454776657, 1.6799929011934989, 0.6217695159889476, 4.313694654369475, 2.9859335037941985]}, "12": {"h": [[-0.0, -0.0801187973022461, -0.17810779953002928, -0.1151574821472168], [0.0, 0.8265, 0.7335251770019531, 0.9611130676269531], [0.0, -0.18312231445312516, -0.3888747558593751, -0.532195068359375]], "r": [0.02593341495583809, 3.840070027539002, -2.3944008542190693, 1.983223417767337, 0.6208456470470922, 4.5140052736995635, 1.169974893086405]}, "13": {"h": [[-0.0, -0.0778294448852539, -0.21544493865966796, -0.21944158172607423], [0.0, 0.8265, 0.7159752197265625, 0.9382794799804687], [0.0, -0.18192077636718734, -0.37015197753906254, -0.5333701171874998]], "r": [0.16480171189962797, 3.7407222579488746, -2.3795150226157693, 1.9295249293962298, 0.8769525097886679, 4.576008349791349, 1.2749749979220166]}, "14": {"h": [[-0.0, -0.0854377155303955, -0.2536996479034424, -0.3230318927764893], [0.0, 0.8265, 0.7092279205322265, 0.9118485717773437], [0.0, -0.1762288818359377, -0.35843664550781257, -0.5286042480468751]], "r": [0.08974932085758737, 3.7049954103297322, -2.2814604185273017, 1.909653209848268, 1.1684681464512028, 4.74293646024126, 2.8686714394086814]}, "15": {"h": [[-0.0, -0.0768816261291504, -0.2639836769104004, -0.41996200942993167], [0.0, 0.8265, 0.6719197387695313, 0.8183492736816407], [0.0, -0.17914355468750004, -0.3502385253906251, -0.5248124999999999]], "r": [0.09519493316329788, 3.570898352923557, -1.9601908391262106, 1.5408264147865633, 1.4593284077657076, 4.674267523495614, 4.211861152742416]}, "16": {"h": [[-0.0, -0.07327092838287352, -0.2155141954421997, -0.37202934741973875], [0.0, 0.8265, 0.5775605316162109, 0.5667351570129395], [0.0, -0.17652014160156232, -0.30294775390625, -0.5306324462890624]], "r": [-0.24784759362934422, 3.71720444929697, -1.6761074741383195, 1.2354893067434682, 1.4369878813500112, 4.774076218063744, -1.2725804849079272]}, "17": {"h": [[-0.0, -0.07040903663635253, -0.19590085792541506, -0.2604889163970947], [0.0, 0.8265, 0.5508157043457031, 0.4929922981262207], [0.0, -0.1881159667968751, -0.29319433593750005, -0.551668701171875]], "r": [-0.5171152957178325, 3.8767149275410064, -1.6561403744124605, 1.3321940649975692, 1.2584502973851999, 4.959733643124807, -1.0046879364292958]}, "18": {"h": [[-0.0, -0.06944617462158204, -0.15732788467407227, -0.14847236251831053], [0.0, 0.8265, 0.533319580078125, 0.46736459350585935], [0.0, -0.19017883300781252, -0.3015128173828126, -0.568084716796875]], "r": [-0.6252679668365955, 4.22906711963585, -1.891870193828593, 1.6708563654563937, 0.9466610969369373, 5.164999548543137, 1.4453585328783847]}}, "id": 11}