{"count": 10, "poses_seq": {"0": {"h": [[-0.0, -0.017820808410644526, -0.0929061737060547, 0.15802493286132813], [0.0, 0.8265, 0.9035318145751954, 1.0009781799316406], [0.0, -0.10750231933593729, -0.3270583496093749, -0.3188658447265625]], "r": [3.3472863188768813, 3.4563124500842326, -3.894194413565304, 1.3609463626131335, 0.9473814146720827, 0.7164011589131853, -0.44405127662040494]}, "1": {"h": [[-0.0, -0.05609733963012695, 0.008007671356201174, 0.23909594345092774], [0.0, 0.8265, 1.008282928466797, 1.1106825103759765], [0.0, -0.1729696044921874, -0.35388024902343745, -0.42403259277343747]], "r": [-2.782618066086538, 3.5705624629482147, 2.1376200745027854, 1.5413018718755573, 0.626785126107023, 1.0005630289923997, 0.9365461363916994]}, "2": {"h": [[-0.0, -0.038405895233154304, 0.006749641418457027, 0.1874055290222168], [0.0, 0.8265, 1.0345047760009765, 1.167745086669922], [0.0, -0.19006457519531256, -0.3978426513671876, -0.5310179443359375]], "r": [-2.6973162170711014, 3.794168989969383, 2.2632665201070568, 1.3773141089713419, 0.3313937531738331, 1.2962094798009718, 1.4274012441515023]}, "3": {"h": [[-0.0, -0.036482006072998036, -0.02599729537963867, 0.09925921249389649], [0.0, 0.8265, 1.0479670715332032, 1.205712203979492], [0.0, -0.195237060546875, -0.4098315429687501, -0.5874527587890626]], "r": [-2.7252760818373662, 3.9146700990077323, 2.5354512342785145, 1.3664561822757708, 0.5656518956276704, 1.6890657776878488, 3.437534971629682]}, "4": {"h": [[-0.0, -0.05225547027587891, -0.08695611572265627, -0.046955871582031246], [0.0, 0.8265, 1.028777572631836, 1.1973692626953125], [0.0, -0.19024536132812503, -0.40219006347656233, -0.6047210693359373]], "r": [-2.6282169813053002, 3.79222157856487, 2.4133712778341803, 1.3896566338055392, 0.5865934255180819, 1.7831536076371037, -1.941732808500636]}, "5": {"h": [[-0.0, -0.052752288818359375, -0.16329496002197263, -0.20086533355712893], [0.0, 0.8265, 1.0078336791992186, 1.1698515319824219], [0.0, -0.1821798095703125, -0.39664013671875004, -0.60458251953125]], "r": [-2.745308054012024, 3.6109341542862436, 2.1841297949856835, 1.2789285998719286, 0.29412660692376447, 2.0633452580104845, -1.004635638818893]}, "6": {"h": [[-0.0, -0.05231611633300781, -0.2827415008544922, -0.2587272491455078], [0.0, 0.8265, 0.8807110633850098, 1.064825668334961], [0.0, -0.1473951416015627, -0.284070556640625, -0.4675130615234376]], "r": [-2.857684310511005, 3.837556324391208, 2.41096854890588, 1.0686780084202625, 0.08315742673628242, 2.4074135664423184, 1.7478428351382829]}, "7": {"h": [[-0.0, -0.05204357147216797, -0.27704711151123046, -0.17810082244873043], [0.0, 0.8265, 0.8606355781555175, 1.0430160217285156], [0.0, -0.15740686035156265, -0.2731641845703126, -0.43003295898437527]], "r": [-2.582083381146908, 4.20148597583261, 2.539745782045075, 0.9633411473266591, 0.20789241152519353, 2.3248127918682884, 4.706701517746132]}, "8": {"h": [[-0.0, -0.04913191986083984, -0.24622786712646486, -0.08026935577392577], [0.0, 0.8265, 0.8667366256713867, 1.0360460205078126], [0.0, -0.15419848632812522, -0.2753549804687499, -0.3906535644531251]], "r": [-2.31585201350704, 4.504262303832399, 2.7134656031892255, 0.8879999614920788, 0.10359980466045897, 2.251118703147708, -3.44936942118102]}, "9": {"h": [[-0.0, -0.047907562255859376, -0.20059489440917969, 0.01698625183105469], [0.0, 0.8265, 0.8924679107666016, 1.034550567626953], [0.0, -0.1582322998046875, -0.30399768066406235, -0.3643795166015625]], "r": [-2.0761678125665, 4.579382025947098, 3.0728086359568096, 0.8340454448288561, 0.31345470245707907, 1.9636373109953673, 5.656388343651808]}}, "id": 5}