{"count": 28, "poses_seq": {"0": {"h": [[-0.0, -0.06335472869873046, -0.09457910919189454, 0.0010331420898437513], [0.0, 0.8265, 0.5410618286132812, 0.48180064010620116], [0.0, -0.18823449707031253, -0.316190185546875, -0.5637266845703124]], "r": [1.0415715363156712, 2.531135264677349, 0.046858057977128775, 4.661081823683576, 0.7497389603016918, 1.3055714684421398, -3.5516953842283967]}, "1": {"h": [[-0.0, -0.05475757598876953, -0.06224622344970703, 0.11026703262329102], [0.0, 0.8265, 0.5608906250000001, 0.5093546867370606], [0.0, -0.17892687988281258, -0.3290277099609376, -0.5348968505859375]], "r": [0.7945032058703411, 2.25835599143673, 0.11223029680054487, 4.675615235846695, 0.9663830876419318, 0.9606050174499375, -0.334961889995238]}, "2": {"h": [[-0.0, -0.04935074424743652, -0.0313013973236084, 0.21112246131896972], [0.0, 0.8265, 0.6022574462890625, 0.5696959190368652], [0.0, -0.1819603271484374, -0.35830847167968743, -0.48827880859375]], "r": [0.6944249443338875, 2.1414501545047147, 0.31010021493323214, 4.432270064010456, 0.9179967285583288, 0.6527760035031553, 1.3324771478809485]}, "3": {"h": [[-0.0, -0.06226559638977051, -0.008471380233764647, 0.2656324195861816], [0.0, 0.8265, 0.6618185424804688, 0.6727789154052735], [0.0, -0.19503076171874995, -0.3930618896484375, -0.4453035888671875]], "r": [0.5608636330472491, 2.466564385732888, 0.35795775973507005, 4.086288906515142, 0.6011778728684138, 0.7434358603178937, 0.6887295968477016]}, "4": {"h": [[-0.0, -0.07598748016357422, -0.08348658370971679, 0.1480074577331543], [0.0, 0.8265, 0.7657182159423829, 0.908082000732422], [0.0, -0.1922644042968749, -0.4156033935546875, -0.47231030273437496]], "r": [0.4798360154723769, 2.6547740207943717, 0.7329526532914671, 3.721728920956626, 0.7743695989074888, 0.9109140332360395, 1.524068243203781]}, "5": {"h": [[-0.0, -0.07391232299804687, -0.15454984664916993, 0.005486545562744138], [0.0, 0.8265, 0.7893695678710938, 0.9907991943359375], [0.0, -0.18220849609374984, -0.41590759277343753, -0.5167530517578123]], "r": [0.6279032060831106, 2.817816955672734, 0.7181881815716081, 3.7212899107551025, 0.7714806852783398, 1.1216257957157814, -0.3527858344762209]}, "6": {"h": [[-0.0, -0.07566288757324219, -0.22360748291015625, -0.13244181060791016], [0.0, 0.8265, 0.7712516174316406, 0.9912618408203124], [0.0, -0.18362060546874998, -0.3825325927734376, -0.5220794677734375]], "r": [0.7039494128456711, 2.7985902598612507, 0.9639865521083711, 3.8691869695704995, 0.7609699016574878, 1.2787610425157772, 0.31172078617922233]}, "7": {"h": [[-0.0, -0.07820999145507812, -0.2504372100830078, -0.2115899200439453], [0.0, 0.8265, 0.7683200378417969, 0.9859732971191406], [0.0, -0.18314587402343757, -0.3697598876953126, -0.5295329589843751]], "r": [0.5941596760383332, 2.9276788711487844, 1.103796268595987, 4.047283389840444, 0.7194265757604887, 1.5027702621238863, -1.0411960069687203]}, "8": {"h": [[-0.0, -0.07652586364746095, -0.26772724151611327, -0.28081623077392576], [0.0, 0.8265, 0.7634226379394532, 0.9798487854003907], [0.0, -0.18449230957031243, -0.36119616699218754, -0.527513671875]], "r": [0.5075225757873691, 2.84359165659204, 1.2501226220406312, 4.395002537121442, 1.08601054561385, 1.702720765200043, -0.2333614252817905]}, "9": {"h": [[-0.0, -0.07968541717529297, -0.29527648162841796, -0.38656584930419924], [0.0, 0.8265, 0.7551882934570312, 0.9464772949218749], [0.0, -0.18321264648437513, -0.34306884765625006, -0.5211575927734375]], "r": [0.47922650959222873, 2.9251685520088944, 1.3480627923796769, 4.662350729588082, 1.297802202301791, 1.9265615294284506, -2.5945848870661035]}, "10": {"h": [[-0.0, -0.07363197040557862, -0.3135589265823364, -0.4907881746292114], [0.0, 0.8265, 0.7358864135742188, 0.869258758544922], [0.0, -0.1841319580078125, -0.34558325195312506, -0.5154262695312501]], "r": [0.3362522305252084, 2.9649316442026326, 1.7036505431879017, 4.824678700101763, 1.191760398037661, 2.308387622001447, -2.2331313941986157]}, "11": {"h": [[-0.0, -0.07544606018066406, -0.2741624755859375, -0.5081898498535157], [0.0, 0.8265, 0.6411191711425781, 0.6076934814453125], [0.0, -0.18392456054687495, -0.33360400390625006, -0.521836181640625]], "r": [0.37650930005725786, 3.1810765432823565, 1.7395989347435816, 5.05239674922613, 0.8014767270018753, 2.6244520141468306, -3.00020096821445]}, "12": {"h": [[-0.0, -0.07580452728271483, -0.21331408309936523, -0.36872282028198244], [0.0, 0.8265, 0.5955292053222656, 0.48585689544677735], [0.0, -0.188565673828125, -0.35185107421875, -0.5814465332031249]], "r": [0.27523221578782747, 3.2840591217037023, 1.7874277253223316, 5.295001254377558, 0.43343262378468084, 3.0159028233561176, -5.361324586685714]}, "13": {"h": [[-0.0, -0.07502945709228516, -0.15892409133911134, -0.23802585220336914], [0.0, 0.8265, 0.5681814270019532, 0.4503024444580079], [0.0, -0.18727001953125005, -0.37048999023437507, -0.624276123046875]], "r": [0.22977016335735204, 3.6283106709912603, 1.6776483385200402, 5.447049113689502, 0.4429706498066684, 3.287613847607385, 1.098424424367838]}, "14": {"h": [[-0.0, -0.06878780364990235, -0.06836334609985352, -0.058838996887207035], [0.0, 0.8265, 0.5551144104003907, 0.4435298919677734], [0.0, -0.1862059326171875, -0.3815772705078125, -0.6489259033203123]], "r": [0.012526311420829828, 3.9783727724903697, 1.4981046005826335, 5.3229162548729505, 0.4833755529662269, 2.9074043212104344, 0.6602223364733104]}, "15": {"h": [[-0.0, -0.061272020339965816, -0.01319400215148926, 0.06220115852355958], [0.0, 0.8265, 0.5679317626953124, 0.452112190246582], [0.0, -0.1820037841796876, -0.3739085693359377, -0.6233499755859375]], "r": [-0.11988432852196393, 4.025087123839511, 1.4654604030762415, 5.343784072865739, 0.30981296248998785, 2.908584040660347, 0.6617611795281122]}, "16": {"h": [[-0.0, -0.06499720954895019, 0.03991765975952148, 0.19976095199584962], [0.0, 0.8265, 0.581994888305664, 0.46536519622802736], [0.0, -0.19092932128906243, -0.3906416015624999, -0.5924000244140624]], "r": [-0.2953973260507745, 3.7907048435716577, 1.4419947391724703, 5.3886132038002375, 0.2791623254355139, 2.990505712757948, -1.4245190495360722]}, "17": {"h": [[-0.0, -0.05570401763916016, 0.11043497467041016, 0.34417842864990233], [0.0, 0.8265, 0.621250701904297, 0.5312079391479493], [0.0, -0.19940332031250013, -0.3765333251953125, -0.5218334960937501]], "r": [-0.4838806330743493, 3.7739531496257346, 1.3596411257786112, 5.250475539503811, -0.02378455779057868, 2.77085553376205, -3.9552291078908617]}, "18": {"h": [[-0.0, -0.060031959533691406, 0.11315344238281251, 0.3661113891601563], [0.0, 0.8265, 0.750269790649414, 0.7810923461914063], [0.0, -0.21769128417968747, -0.41867883300781267, -0.5384023437500001]], "r": [-0.6313683564520234, 4.067979139723065, 1.0317941870614706, 4.907477739008572, 0.3260420734200321, 2.5632091849608734, 0.28258831478515556]}, "19": {"h": [[-0.0, -0.06648383998870849, 0.025773002624511716, 0.22585674285888674], [0.0, 0.8265, 0.7889291076660156, 0.8743574829101564], [0.0, -0.21700988769531243, -0.48311169433593754, -0.6548704833984373]], "r": [-0.3941784597187815, 3.9134216112360862, 0.996633639684484, 4.735571682274303, 0.4837898665030603, 2.497605173703014, -2.6324531611694395]}, "20": {"h": [[-0.0, -0.07662058258056641, -0.06717422771453857, 0.07077581405639649], [0.0, 0.8265, 0.7874608154296875, 0.8916204833984376], [0.0, -0.19434448242187502, -0.48112475585937503, -0.6952940673828125]], "r": [-0.33938971560691944, 4.276821838754303, 0.9285460637031562, 4.8715277054901955, 0.6841235115492663, 2.767125850407885, -5.150284960095522]}, "21": {"h": [[-0.0, -0.0770017318725586, -0.16292398452758788, -0.10815313720703124], [0.0, 0.8265, 0.7909077758789063, 0.9012822875976563], [0.0, -0.20919348144531252, -0.47945568847656245, -0.7230159912109375]], "r": [-0.15329628051690322, 4.27864419490306, 1.0049250124732896, 4.786435347457035, 0.3639443844810605, 2.7800853542362973, 1.4549106947489896]},