{"count": 8, "poses_seq": {"0": {"h": [[-0.0, -0.06664280700683595, -0.08524591064453126, 0.11898761367797851], [0.0, 0.8265, 0.6263360443115235, 0.4754820404052735], [0.0, -0.1977706298828124, -0.40251940917968737, -0.5507266845703123]], "r": [-1.6782641891202397, 5.250235238312673, -2.563153375853237, 2.030318250611554, -0.41175324724294277, 5.345348619270638, 1.0236298814145164]}, "1": {"h": [[-0.0, -0.067587739944458, -0.1016317596435547, 0.05520773315429688], [0.0, 0.8265, 0.6353293609619141, 0.520324333190918], [0.0, -0.19077233886718764, -0.4168458251953127, -0.6175606689453126]], "r": [-1.338009294675254, 5.116727639094544, -2.2484183699964855, 2.1831541209480347, -0.39839595626524194, 5.285618680863737, 0.04095649562848476]}, "2": {"h": [[-0.0, -0.07285557556152344, -0.13629574966430663, -0.05821645736694336], [0.0, 0.8265, 0.6734468688964844, 0.6273818969726562], [0.0, -0.19247106933593755, -0.43259643554687505, -0.6902388916015625]], "r": [-1.2857068994829814, 5.028385068443173, -2.5093151105597533, 2.3728064119710495, -0.36835379029931403, 5.148084333745898, 3.073245297131734]}, "3": {"h": [[-0.0, -0.07953939819335937, -0.24498085021972654, -0.23192839050292968], [0.0, 0.8265, 0.75314306640625, 0.7911960754394531], [0.0, -0.19385534667968757, -0.39885437011718744, -0.6680338134765624]], "r": [-1.2302333749306487, 4.848125286331691, -2.7401615959283436, 2.4699786003429125, -0.4897965127559267, 5.004230570186488, 5.748232978840555]}, "4": {"h": [[-0.0, -0.074435302734375, -0.2720346908569336, -0.37112432098388676], [0.0, 0.8265, 0.7466501770019531, 0.8644924316406251], [0.0, -0.18712512207031257, -0.3778619384765625, -0.6049548339843751]], "r": [-1.0194187898024034, 4.7650427607066215, -2.784796791661194, 2.529170904004536, -0.42728718232626656, 4.960892180805813, -0.4942465230955225]}, "5": {"h": [[-0.0, -0.07327642631530762, -0.30772769737243655, -0.4947451839447022], [0.0, 0.8265, 0.7329559631347657, 0.8658124084472657], [0.0, -0.18398889160156245, -0.34866003417968755, -0.5093028564453124]], "r": [-0.8501095629154954, 4.8603303554069415, -2.7219960245664865, 2.2680931211940183, -0.6840359099993318, 4.820986050533595, -0.0781229076522911]}, "6": {"h": [[-0.0, -0.07714530944824219, -0.3401683883666992, -0.5931665878295899], [0.0, 0.8265, 0.6916744384765625, 0.7704615783691406], [0.0, -0.1805216064453124, -0.3055247802734376, -0.40111315917968754]], "r": [-0.6541028651099726, 5.128850177306565, -2.86556828031543, 2.005622716079962, -0.5132930563366909, 4.623682222643581, 1.36426272111769]}, "7": {"h": [[-0.0, -0.07717571449279785, -0.2638437900543213, -0.5306233768463134], [0.0, 0.8265, 0.5903870544433594, 0.48285602569580083], [0.0, -0.17931079101562492, -0.2731098632812499, -0.38226171875]], "r": [-0.9087191872329563, 5.407735024595231, -3.026091247879278, 1.9032938631383105, -0.6095074627489857, 4.998481342897666, -0.09350351982571387]}}, "id": 52}