{"count": 15, "poses_seq": {"0": {"h": [[-0.0, -0.08644104766845703, -0.007951072692871097, 0.21260942077636721], [0.0, 0.8265, 0.8016706848144531, 0.9504741516113281], [0.0, -0.19656909179687504, -0.43962255859374993, -0.5134279785156248]], "r": [-1.1036116728137852, 3.590048862651268, 1.532789597635096, 5.367626307248577, 2.8924828449505204, 1.1300197709253688, 0.048898414522322624]}, "1": {"h": [[-0.0, -0.09482078552246094, -0.0639187126159668, 0.10505022811889649], [0.0, 0.8265, 0.79591650390625, 0.9744494628906251], [0.0, -0.18530371093750003, -0.44175280761718755, -0.566781005859375]], "r": [-1.1745660402931064, 3.7937348515931153, 1.3374665639368821, 5.1042740545324055, 2.853988901322429, 0.9157959270449808, -1.8075368941992545]}, "2": {"h": [[-0.0, -0.06830465698242189, -0.10093596267700194, 0.00631588363647461], [0.0, 0.8265, 0.7693989868164062, 0.9668723144531249], [0.0, -0.18116833496093748, -0.4468675537109375, -0.6096370849609374]], "r": [-0.9088536032630645, 4.035019203684272, 1.1194402602049658, 5.2453026228745046, 3.0933393640522713, 1.1181061163374737, -0.2378529591490529]}, "3": {"h": [[-0.0, -0.08937295532226563, -0.16492563629150392, -0.13337255096435546], [0.0, 0.8265, 0.7538484497070312, 0.9565755004882812], [0.0, -0.189983642578125, -0.4246447753906251, -0.607594970703125]], "r": [-0.9838609804971558, 3.9863518735419285, 1.263040202823262, 4.8946730229847635, 3.0891182865118654, 0.8307350144109953, -0.4364717784728725]}, "4": {"h": [[-0.0, -0.09019624328613282, -0.20612742233276365, -0.24694471359252929], [0.0, 0.8265, 0.7404413452148437, 0.9347287292480468], [0.0, -0.18940539550781238, -0.4210100097656249, -0.6116044921874999]], "r": [-0.8017595909494879, 3.895878254158486, 1.6028106671909192, 4.929458250223822, 2.968874220146518, 0.8598893387628062, -0.6522677119265768]}, "5": {"h": [[-0.0, -0.08148001098632812, -0.22285541534423828, -0.33257532501220705], [0.0, 0.8265, 0.7089355773925781, 0.8612369689941406], [0.0, -0.19329296874999985, -0.40153674316406246, -0.6017629394531248]], "r": [-0.855603845361818, 4.007266481135138, 1.8164332592253698, 4.749660488596061, 3.0432554414259076, 0.6862393056197224, 0.03810590413018493]}, "6": {"h": [[-0.0, -0.08130536842346192, -0.23445435523986818, -0.41564832496643067], [0.0, 0.8265, 0.6538902740478516, 0.7257773132324219], [0.0, -0.18999108886718746, -0.3826617431640625, -0.576415771484375]], "r": [-0.8223680258974098, 4.048454084223179, 2.1886041861488503, 4.947520421937723, 2.78836910579752, 0.5924092341451856, -0.6347336835438087]}, "7": {"h": [[-0.0, -0.07648377227783204, -0.19315421295166016, -0.3198340835571289], [0.0, 0.8265, 0.6055841827392578, 0.5782754440307617], [0.0, -0.18817565917968754, -0.3822752685546876, -0.6247601318359375]], "r": [-0.9348301936903607, 4.135010339263972, 2.1850473717808874, 5.3260088454736385, 2.645772310143143, 0.60765456857393, -1.2695139087197356]}, "8": {"h": [[-0.0, -0.07299641418457031, -0.16946891784667967, -0.22816114807128907], [0.0, 0.8265, 0.5841854705810547, 0.5465297393798828], [0.0, -0.1807504882812499, -0.3871682128906249, -0.6514548339843749]], "r": [-1.0416860186791685, 4.15646462844278, 1.8946427364889549, 5.309110703878132, 2.3012732493577457, 0.6156080832111498, -2.317942727254887]}, "9": {"h": [[-0.0, -0.07515124511718749, -0.06748834991455077, -0.0588109130859375], [0.0, 0.8265, 0.5920802764892579, 0.5646102333068848], [0.0, -0.1911536865234374, -0.41419860839843753, -0.688785888671875]], "r": [-1.124364208781305, 4.16056236822379, 1.8140980228786001, 5.541733963899245, 2.6564185878972513, 0.7418038404847354, -4.5113147789328405]}, "10": {"h": [[-0.0, -0.07630655670166016, -0.0007034759521484385, 0.10059704971313475], [0.0, 0.8265, 0.6295334777832031, 0.6248891296386718], [0.0, -0.19186462402343746, -0.40131311035156264, -0.6546219482421876]], "r": [-1.1845521459246715, 4.0104279379980055, 1.4809208753945802, 5.531787833668992, 2.3972226639531895, 0.9462894936650592, 0.6598056402932666]}, "11": {"h": [[-0.0, -0.07403868865966796, 0.01827027893066406, 0.1872579650878906], [0.0, 0.8265, 0.6484858551025391, 0.6737462005615235], [0.0, -0.1941558837890625, -0.4078546142578124, -0.6182364501953124]], "r": [-1.0693476219839946, 4.175000749901258, 1.2349540738345444, 5.667844001359049, 2.7605293624612983, 1.1780329418790634, 2.671178402377717]}, "12": {"h": [[-0.0, -0.07244090461730956, 0.049651298522949215, 0.26717218017578126], [0.0, 0.8265, 0.6636290893554687, 0.7226830291748046], [0.0, -0.19163659667968763, -0.3968337402343752, -0.5541245117187501]], "r": [-1.0858918592616182, 4.25788479114034, 0.8562599992620729, 5.655455975719471, 2.54065022336365, 1.3547236650794248, 5.786217177215124]}, "13": {"h": [[-0.0, -0.06959497261047363, 0.09308338928222656, 0.34190652465820315], [0.0, 0.8265, 0.6930977935791016, 0.7800322570800782], [0.0, -0.19878124999999996, -0.382646484375, -0.47390087890625004]], "r": [-1.4106577523394586, 4.121166558689098, 0.6730961175886696, 5.477740040261087, 2.2547689740139614, 1.043956752622683, -1.3846659188111572]}, "14": {"h": [[-0.0, -0.06778688621520997, 0.11992186737060545, 0.3829458541870117], [0.0, 0.8265, 0.7034185180664062, 0.8027772216796875], [0.0, -0.19909289550781267, -0.3526917724609376, -0.3516433105468751]], "r": [-1.6097983125385804, 4.207354734872684, 0.5247951408780038, 5.669183251028134, 2.4160417993946806, 1.032519394387474, -0.3872506095263391]}}, "id": 49}