{"count": 16, "poses_seq": {"0": {"h": [[-0.0, -0.07101043701171875, 0.05322975540161133, 0.33960161209106443], [0.0, 0.8265, 0.6091275329589844, 0.5592776336669921], [0.0, -0.17887451171875007, -0.3352238769531251, -0.3367878417968751]], "r": [1.3524402278370626, 1.8275986032628517, -1.64321073629553, 4.292343274438918, -0.17935644077494245, 0.7700034389463241, 3.823525629118929]}, "1": {"h": [[-0.0, -0.08285972595214844, 0.05079201126098633, 0.31293686294555667], [0.0, 0.8265, 0.7500747070312501, 0.844246826171875], [0.0, -0.19100952148437506, -0.4041705322265626, -0.42148303222656264]], "r": [1.6239990186652196, 2.037587950572467, -1.7655522426318973, 3.929183210244898, -0.552721034012539, 1.0364654025167046, -2.7143562849402803]}, "2": {"h": [[-0.0, -0.08644104766845703, -0.007951072692871097, 0.21260942077636721], [0.0, 0.8265, 0.8016706848144531, 0.9504741516113281], [0.0, -0.19656909179687504, -0.43962255859374993, -0.5134279785156248]], "r": [1.922918852593683, 2.054028434557475, -1.6671065946600907, 4.039901100748173, -0.9250901497471666, 1.3124436883777744, -5.772805466157051]}, "3": {"h": [[-0.0, -0.09798048400878906, -0.08069023704528809, 0.07572125244140626], [0.0, 0.8265, 0.7940650329589845, 0.9759775390625], [0.0, -0.1730578613281249, -0.4372221679687501, -0.5732766113281249]], "r": [1.9815708848222215, 1.724885463501947, -2.0430738722395407, 4.356558103459564, -1.0859934303167431, 1.632616565605346, 0.4704159474232685]}, "4": {"h": [[-0.0, -0.07896743774414063, -0.12182467651367188, -0.029605926513671874], [0.0, 0.8265, 0.7774962158203125, 0.9782944030761719], [0.0, -0.18324780273437496, -0.4444609375, -0.610750244140625]], "r": [2.002709335525311, 1.634318775329435, -2.1171966639616357, 4.567768700748349, -1.442260904040016, 1.6704963752506756, -1.7541019382287066]}, "5": {"h": [[-0.0, -0.09099483489990234, -0.1876825294494629, -0.20077972793579102], [0.0, 0.8265, 0.7424868164062499, 0.9401165466308594], [0.0, -0.183340576171875, -0.4177144775390625, -0.6066375732421876]], "r": [2.3672491162235416, 1.5361744133240833, -2.124980032121662, 4.930485480043888, -1.8177597506309702, 1.8503005493170597, -4.670080054543393]}, "6": {"h": [[-0.0, -0.08194371032714844, -0.21757489395141602, -0.30860054397583003], [0.0, 0.8265, 0.7253746948242188, 0.8864070739746094], [0.0, -0.19464538574218754, -0.41085217285156267, -0.6126411132812499]], "r": [2.430914647914243, 1.3682556694476868, -2.2433620703116204, 5.004194737608232, -1.8849912314072348, 1.9452209980273691, 3.638383679474329]}, "7": {"h": [[-0.0, -0.07890311431884765, -0.23107609558105469, -0.4037953338623047], [0.0, 0.8265, 0.665828857421875, 0.7613542480468751], [0.0, -0.19640783691406233, -0.3913708496093749, -0.5853875732421874]], "r": [2.383802512128583, 1.1406111398144763, -2.3222667011467775, 4.894240872952193, -1.5314911970914633, 1.8119095603943696, 0.3599307907653524]}, "8": {"h": [[-0.0, -0.07648377227783204, -0.19315421295166016, -0.3198340835571289], [0.0, 0.8265, 0.6055841827392578, 0.5782754440307617], [0.0, -0.18817565917968754, -0.3822752685546876, -0.6247601318359375]], "r": [2.3229089409343615, 1.0358350039329056, -2.032539542475244, 4.848362491064027, -1.424569614671595, 1.4345865172424321, 1.392617630133862]}, "9": {"h": [[-0.0, -0.07519849395751953, -0.16405505371093748, -0.212970703125], [0.0, 0.8265, 0.5895465240478516, 0.5512321968078613], [0.0, -0.1888464355468749, -0.39009875488281237, -0.6577901611328123]], "r": [2.0910674949766817, 1.061227061267536, -2.078405629783226, 4.638328117081548, -1.2726188567041774, 1.2489880863876364, 1.748178895625517]}, "10": {"h": [[-0.0, -0.07871492004394531, -0.055720315933227536, -0.03471696090698242], [0.0, 0.8265, 0.5990355072021485, 0.5736271438598632], [0.0, -0.18860253906249996, -0.4108846435546874, -0.6847452392578124]], "r": [2.0072253071006054, 1.115326164448699, -2.0337089936061985, 4.374973410777021, -0.8819545484899026, 1.3218156827162597, -0.7240200533666957]}, "11": {"h": [[-0.0, -0.0751779022216797, 0.004567024230957034, 0.11780211639404298], [0.0, 0.8265, 0.633164535522461, 0.6358753051757813], [0.0, -0.19152636718749988, -0.4030057373046874, -0.6505323486328125]], "r": [1.864894697007175, 1.4900924384393892, -1.801855250559856, 4.027745690167038, -0.748087158139531, 1.051504117893016, -1.171395704265698]}, "12": {"h": [[-0.0, -0.0717666778564453, 0.03108071136474609, 0.22093580627441406], [0.0, 0.8265, 0.6510140838623046, 0.6905767669677734], [0.0, -0.1951579589843751, -0.40796008300781256, -0.6018553466796877]], "r": [2.106168372672974, 1.8780486779531782, -1.632395824448785, 4.205399929777429, -0.3905782430659032, 1.39838350592302, -0.12768208669220513]}, "13": {"h": [[-0.0, -0.06882573699951172, 0.07894942092895507, 0.31365179824829104], [0.0, 0.8265, 0.6890488128662109, 0.7638270874023438], [0.0, -0.20745666503906263, -0.39942004394531266, -0.5248775634765626]], "r": [1.746286165672653, 1.7268248785723614, -1.971196271798166, 4.085568109294717, -0.3669049056989336, 1.3057513272259893, -1.636130956314646]}, "14": {"h": [[-0.0, -0.06778688621520997, 0.11992186737060545, 0.3829458541870117], [0.0, 0.8265, 0.7034185180664062, 0.8027772216796875], [0.0, -0.19909289550781267, -0.3526917724609376, -0.3516433105468751]], "r": [1.7579759811806346, 1.8991229695413785, -2.217914951894642, 4.332138744923565, 0.026831176942558543, 1.510121992928185, 1.1800242861270829]}, "15": {"h": [[-0.0, -0.06572181034088134, 0.08528565979003908, 0.35278317260742187], [0.0, 0.8265, 0.6820804748535156, 0.6770668640136719], [0.0, -0.20818554687500007, -0.36524084472656254, -0.2903718261718749]], "r": [1.520643189435154, 1.6667612343365703, -2.481921041030619, 4.446250979815576, 0.25791629158155155, 1.2721399893098906, -1.109767499938091]}}, "id": 38}