{"count": 27, "poses_seq": {"0": {"h": [[-0.0, -0.043466629028320325, 0.05086484527587891, 0.18209648895263672], [0.0, 0.8265, 0.5831825103759766, 0.41982843017578125], [0.0, -0.14026953125000002, -0.35424755859374996, -0.5644578857421874]], "r": [-5.2079597614990485, 2.263559874804963, -3.528860219738298, 1.7588009085450942, -2.2114696669694514, 1.0187370219212035, -1.826646836908006]}, "1": {"h": [[-0.0, -0.06268948364257812, 0.06695333862304688, 0.28792179107666016], [0.0, 0.8265, 0.6270968322753906, 0.519227310180664], [0.0, -0.14853784179687507, -0.3621784667968751, -0.5256143798828126]], "r": [1.245113043258579, 2.559501329294681, 2.493096770424679, 1.8860531272433219, -2.5667015815109444, 1.2198263720078042, -2.960918730961076]}, "2": {"h": [[-0.0, -0.07376002311706542, 0.08639387702941895, 0.3542523899078369], [0.0, 0.8265, 0.7150845260620118, 0.68264794921875], [0.0, -0.16795190429687495, -0.36318151855468744, -0.45687707519531245]], "r": [0.9323011143484774, 2.7103528275220166, 2.843971895780068, 2.2229963926513894, -2.7466834746846067, 1.056981076197139, -0.7060003647052041]}, "3": {"h": [[-0.0, -0.06307535743713379, 0.10770584678649903, 0.3782709712982178], [0.0, 0.8265, 0.8309251232147217, 0.8806148300170898], [0.0, -0.19303002929687502, -0.37176855468749986, -0.3947113037109374]], "r": [1.137295915512833, 3.0474533217783795, 2.4757851550302767, 2.2313561877508565, -2.6533286553362507, 1.3599228984769052, -3.522810801561119]}, "4": {"h": [[-0.0, -0.09363953590393066, 0.03050478935241699, 0.2518130168914795], [0.0, 0.8265, 0.969881607055664, 1.1246583709716798], [0.0, -0.1909232177734373, -0.3644184570312499, -0.395419189453125]], "r": [1.2792735849497228, 3.2183283645470895, 2.6932455337545513, 2.530813507710059, -2.802450874814218, 1.459957437346899, 4.3882325592934714]}, "5": {"h": [[-0.0, -0.06859120559692382, -0.01638510513305664, 0.1337141227722168], [0.0, 0.8265, 1.061110076904297, 1.2729448089599609], [0.0, -0.18788256835937528, -0.35526049804687504, -0.43308349609375]], "r": [1.0412533856235693, 3.3635791836438633, 2.9890357181575276, 2.3348239125896795, -2.520429924082758, 1.8464012699592152, -1.5132880322725786]}, "6": {"h": [[-0.0, -0.024715530395507807, -0.05301847839355468, 0.0309068603515625], [0.0, 0.8265, 1.0467290649414063, 1.2849202270507813], [0.0, -0.16991833496093728, -0.3479525146484375, -0.4505072021484376]], "r": [1.3513084907715691, 3.4846315688155105, 3.0556104860836477, 2.0852977878824395, -2.6233037486759154, 2.231882590579524, 0.5494244054949214]}, "7": {"h": [[-0.0, -0.014400924682617194, -0.10281861877441408, -0.08345101928710937], [0.0, 0.8265, 1.0252236709594726, 1.278725959777832], [0.0, -0.15263964843750016, -0.3415965576171876, -0.4572766113281251]], "r": [1.65623073760052, 3.5041092759069956, 3.084806251911903, 2.024246166187421, -2.7577809912141977, 2.3209235563549275, 0.3112242653714376]}, "8": {"h": [[-0.0, -0.011155883789062501, -0.13904922485351562, -0.16217979431152346], [0.0, 0.8265, 1.0145703582763672, 1.2756775970458984], [0.0, -0.1448781738281249, -0.33507910156250015, -0.456647216796875]], "r": [1.5580354032810342, 3.4276523087428603, 3.0736773103075627, 2.101672103499092, -2.3625882112992644, 2.089897599756174, -0.9285654168061162]}, "9": {"h": [[-0.0, -0.03287200927734374, -0.16716120910644533, -0.23584043884277345], [0.0, 0.8265, 1.0374560546875, 1.296164276123047], [0.0, -0.14845422363281263, -0.32699951171875014, -0.4410804443359378]], "r": [1.5846837880203566, 3.2839547623542993, 3.112371642457831, 2.4073878620292053, -2.3589913664205575, 1.7965242386369502, 1.5214982508611417]}, "10": {"h": [[-0.0, -0.06367232513427734, -0.2567878036499024, -0.401176139831543], [0.0, 0.8265, 1.0232529602050782, 1.2565930633544922], [0.0, -0.14724389648437503, -0.29348486328124995, -0.39298779296875]], "r": [1.8422086192550964, 3.157983827313383, 3.030122571716028, 2.345138259744992, -1.9785503798554318, 1.6902247567942859, -1.5363910254796609]}, "11": {"h": [[-0.0, -0.06538025665283205, -0.3220893325805664, -0.5420803298950195], [0.0, 0.8265, 0.9882013397216798, 1.174438690185547], [0.0, -0.1454383544921874, -0.2504072265625, -0.31935217285156253]], "r": [2.1452249417288196, 2.9675278652030364, 2.97142676819266, 2.447314736395272, -1.8996317994250176, 1.4741359862220922, -0.7706054674541701]}, "12": {"h": [[-0.0, -0.06020153045654297, -0.373933952331543, -0.657567497253418], [0.0, 0.8265, 0.8909773101806642, 0.983364715576172], [0.0, -0.13651489257812505, -0.22414086914062487, -0.2575430908203125]], "r": [2.5281563992742986, 2.883598936242625, 2.744902020368552, 2.1424792212021133, -1.8894227338654188, 1.432469719199196, -0.8848368821894518]}, "13": {"h": [[-0.0, -0.05644606781005859, -0.362831413269043, -0.6529221115112305], [0.0, 0.8265, 0.7192290115356446, 0.6564656372070312], [0.0, -0.13015380859374998, -0.23928833007812483, -0.29160595703124975]], "r": [2.3777097631015143, 2.515493989358706, 2.958750672978763, 1.9654463904197097, -2.019088937433265, 1.1760855303716886, 0.9684640272369232]}, "14": {"h": [[-0.0, -0.05694723510742186, -0.2929099884033203, -0.5319589996337891], [0.0, 0.8265, 0.6096504211425782, 0.45119136047363284], [0.0, -0.1447689208984378, -0.2726022949218752, -0.36708117675781265]], "r": [2.2014226343734142, 2.154709838375838, 2.9090090852141386, 1.6959683658545557, -1.9548845068282572, 0.9407353396984534, 3.225055103900841]}, "15": {"h": [[-0.0, -0.056449798583984384, -0.274709487915039, -0.5009737091064453], [0.0, 0.8265, 0.5862229156494141, 0.40979820251464844], [0.0, -0.14648706054687538, -0.2842065429687502, -0.38603906250000014]], "r": [2.3754918847071917, 2.1182559806358525, 2.5869118693836124, 1.872995164551772, -2.1330230384609523, 0.8503655764661439, -5.1218436479302385]}, "16": {"h": [[-0.0, -0.050322914123535165, -0.11371537017822266, -0.18073368072509766], [0.0, 0.8265, 0.5204093780517578, 0.27568269348144525], [0.0, -0.13539331054687526, -0.3114963378906251, -0.48035803222656265]], "r": [2.084033266587926, 1.8738869052889768, 2.1974592911523887, 1.6959166399070005, -2.3465893101571735, 0.8246055415566048, 0.9161161273830565]}, "17": {"h": [[-0.0, -0.05579418945312499, -7.041931152343417e-05, 0.11132611083984374], [0.0, 0.8265, 0.5498052978515625, 0.341546875], [0.0, -0.14293432617187524, -0.33415478515625013, -0.5159851074218751]], "r": [1.7359442103456133, 1.850244706696997, 1.8785494227879849, 1.8740602875898231, -2.5461335879429674, 0.7736289749707739, -0.8981342257632285]}, "18": {"h": [[-0.0, -0.07103521728515624, 0.07487803649902344, 0.33626274871826173], [0.0, 0.8265, 0.6049342041015625, 0.49166477966308597], [0.0, -0.15095068359375002, -0.3274472656249999, -0.39866809082031246]], "r": [1.3848578391310085, 2.0082463303492064, 1.5918466028118947, 1.9373783712135528, -2.6401801817256985, 0.7712123816786022, -2.466961092273265]}, "19": {"h": [[-0.0, -0.06978780364990235, 0.09802469635009765, 0.37663048553466794], [0.0, 0.8265, 0.6315492095947266, 0.5528689575195314], [0.0, -0.1435130615234375, -0.32610046386718766, -0.36660754394531253]], "r": [1.554520568896931, 2.221072466469543, 1.387374851024839, 1.7979145680983573, -2.5565393570978188, 1.1047040671893873, -1.1975551320317215]}, "20": {"h": [[-0.0, -0.06373003005981445, 0.13862267684936525, 0.422965503692627], [0.0, 0.8265, 0.7234249649047853, 0.7818026123046875], [0.0, -0.1543521728515625, -0.3348468017578126, -0.3376566162109376]], "r": [1.5514880511896907, 2.3751033604580867, 1.0389231443919047, 2.126520133040714, -2.4502803088706373, 1.0749551384964247, -2.344236646937645]}, "21": {"h": [[-0.0, -0.06885675048828124, 0.07158325195312501, 0.29807371520996095], [0.0, 0.8265, 0.7899906997680664, 0.951810302734375], [0.0, -0.16674255371093777, -0.38327136230468756, -0.4354218750000001]], "r": [1.9220706647148338, 2.6264010789372754, 1.0233359543129323, 2.450537325295862, -2.3940941650342293, 1.1395641522737054, -5.053505873589088]},