{"count": 30, "poses_seq": {"0": {"h": [[-0.0, -0.06280523681640625, -0.25134251403808594, -0.22562777709960938], [0.0, 0.8265, 0.5892705841064454, 0.46258360290527345], [0.0, -0.19646826171874993, -0.28840905761718744, -0.5318248291015624]], "r": [1.3816022587850845, 2.3213253221833616, -2.0644218282004814, 1.9602988972283915, -3.3551541463689376, 1.2023267864205802, 1.7430346533314351]}, "1": {"h": [[-0.0, -0.06322262001037599, -0.27981537055969236, -0.34113141059875485], [0.0, 0.8265, 0.6187100982666016, 0.5228062744140625], [0.0, -0.19384802246093763, -0.2793013916015626, -0.5303765869140624]], "r": [1.5893789712184052, 2.590118652283053, -2.285906395849775, 1.9201316213216526, 2.977808851477513, 1.4437266725823332, 1.374491885908947]}, "2": {"h": [[-0.0, -0.06149845123291015, -0.30046830368041993, -0.44266590499877934], [0.0, 0.8265, 0.648916488647461, 0.5770401611328124], [0.0, -0.19412622070312496, -0.284254638671875, -0.5147633056640624]], "r": [1.9522775821663918, 2.8626933978838225, -2.638573281091106, 1.7666852604145709, 2.969496746873751, 1.802967212708401, -1.145544926161489]}, "3": {"h": [[-0.0, -0.05940457057952881, -0.3225940885543823, -0.5307599821090698], [0.0, 0.8265, 0.6916696319580078, 0.6788445129394531], [0.0, -0.19161767578125005, -0.2891004638671875, -0.4788452148437499]], "r": [2.246044879488515, 2.8060768953503725, -2.6635040611346925, 2.0514819776729643, 2.7580725573884055, 1.5557341926942927, -2.7013137192243932]}, "4": {"h": [[-0.0, -0.05729107093811035, -0.3489943447113037, -0.6098072109222411], [0.0, 0.8265, 0.8064910583496094, 0.8729478454589844], [0.0, -0.19190649414062505, -0.3068969726562499, -0.44476318359375006]], "r": [2.6196984808097126, 2.8415391838188953, -2.768168377898607, 2.256281273627787, 2.383119100097138, 1.4820530940123668, -1.693718486894657]}, "5": {"h": [[-0.0, -0.06678292083740234, -0.2506320343017578, -0.47112193298339844], [0.0, 0.8265, 0.7990226745605469, 0.8117027893066406], [0.0, -0.19065649414062508, -0.44063427734375, -0.6251173095703126]], "r": [2.5647652093764295, 2.505071273363869, -3.0038052327239355, 2.6343355246764286, 2.1554921469915853, 1.1281763382936092, 0.6863274665506671]}, "6": {"h": [[-0.0, -0.08068535614013672, -0.20386647033691407, -0.3553156280517578], [0.0, 0.8265, 0.7990427551269531, 0.8135279235839844], [0.0, -0.18782971191406267, -0.47433569335937503, -0.7057238769531251]], "r": [2.2425751911727727, 2.5765944792314013, -2.679818551350326, 2.5329305279221046, 2.0634238174230055, 1.1967658986468959, 1.504105710212967]}, "7": {"h": [[-0.0, -0.08329101562499999, -0.16063288879394533, -0.22170887756347657], [0.0, 0.8265, 0.8110447998046875, 0.8032767944335938], [0.0, -0.19332116699218732, -0.49385021972656246, -0.7606549072265623]], "r": [2.2651328442491185, 2.490903570060473, -3.0506986861806467, 2.4957886738588746, 1.993402574390933, 1.1939742777443787, 2.7947186697330513]}, "8": {"h": [[-0.0, -0.07859056091308594, -0.011323936462402345, -0.016455059051513673], [0.0, 0.8265, 0.8057543029785157, 0.7762681884765625], [0.0, -0.1979923095703125, -0.5050838623046874, -0.778527587890625]], "r": [2.0704692281266044, 2.531150910940033, -3.11232163546925, 2.22306612080393, 1.9239733990052141, 1.2564805081261425, 2.941142067476256]}, "9": {"h": [[-0.0, -0.07783927345275879, 0.04882718658447265, 0.11543045806884766], [0.0, 0.8265, 0.7879062194824219, 0.7728897705078125], [0.0, -0.19989233398437484, -0.46042309570312484, -0.7274598388671873]], "r": [1.839556833176848, 2.4774722533864444, -2.9751917648793964, 2.2051741443896016, 1.7201977985157146, 1.0684783810747756, 5.605012175902241]}, "10": {"h": [[-0.0, -0.07507726860046386, 0.07290325164794922, 0.22088100433349608], [0.0, 0.8265, 0.7699934692382813, 0.7661234741210938], [0.0, -0.20968151855468747, -0.443269775390625, -0.6769819335937499]], "r": [1.4576566369639132, 2.6660368816728988, -2.6884140042493114, 2.251722677476271, 2.077503317724888, 1.187483658216021, 1.049051698870762]}, "11": {"h": [[-0.0, -0.07331331825256347, 0.11896122741699221, 0.32536174011230473], [0.0, 0.8265, 0.7506206665039062, 0.762007064819336], [0.0, -0.2100396728515626, -0.42031738281250003, -0.6063839111328124]], "r": [1.172753747612293, 2.6644295713426804, -2.4099006228983533, 2.0539809852338053, 1.8597843306581132, 1.089893377711057, -1.0567623718702823]}, "12": {"h": [[-0.0, -0.06694509887695313, 0.1300134048461914, 0.3889491958618164], [0.0, 0.8265, 0.7358671875, 0.7670268249511718], [0.0, -0.20900463867187496, -0.38703039550781254, -0.49970043945312487]], "r": [1.0811762132164997, 2.646313928164577, -2.5477426950232633, 2.194169575030435, 1.9782354950191738, 0.9312742550402322, -2.688901535362066]}, "13": {"h": [[-0.0, -0.06439454746246338, 0.13167522811889648, 0.41245287704467776], [0.0, 0.8265, 0.7313917236328125, 0.7588416137695313], [0.0, -0.20676708984374997, -0.3739746093750001, -0.40863806152343757]], "r": [0.814898999499083, 2.6356830732161036, -2.200145009680364, 1.8805704009776039, 1.7406645197711355, 0.7784467662375315, -0.48383697953558186]}, "14": {"h": [[-0.0, -0.06754098415374757, 0.11338800811767577, 0.3819733352661133], [0.0, 0.8265, 0.7318860015869141, 0.7658956604003906], [0.0, -0.21005676269531254, -0.3705273437500001, -0.3148453369140625]], "r": [0.4435356361019751, 2.905612001334321, -1.913463284203757, 1.57361707669462, 1.8949930843654397, 1.0178825210040352, 0.9812990450469361]}, "15": {"h": [[-0.0, -0.0715439052581787, 0.086688232421875, 0.34433129882812497], [0.0, 0.8265, 0.7354920501708984, 0.7603443298339845], [0.0, -0.20327746582031253, -0.3662086181640625, -0.22311950683593756]], "r": [0.5447091025923664, 2.8430497133612973, -2.2416476358767046, 1.8017488866473295, 2.2090794501831725, 0.7158478452081809, -0.0791755255793383]}, "16": {"h": [[-0.0, -0.07364464378356933, 0.06768352508544921, 0.36397881317138675], [0.0, 0.8265, 0.7475993957519531, 0.7677029418945313], [0.0, -0.20608349609374993, -0.3990699462890624, -0.3368853759765625]], "r": [0.7236703682530858, 2.665586873769792, -2.249021172735953, 2.112713760304079, 2.1311102214032416, 0.6163753968161906, 0.4652305072960097]}, "17": {"h": [[-0.0, -0.07296421813964844, 0.07082183837890625, 0.3562268295288086], [0.0, 0.8265, 0.7529293823242188, 0.7674080047607422], [0.0, -0.2116929931640626, -0.4266448974609374, -0.4661019287109374]], "r": [0.9446541795245373, 2.752730258202047, -2.3149836158136794, 1.9639440599998619, 1.9676845483834249, 0.9705291102707005, 2.565019566858882]}, "18": {"h": [[-0.0, -0.07387080192565917, 0.04604343414306641, 0.3028454818725586], [0.0, 0.8265, 0.7558583068847656, 0.7711372375488281], [0.0, -0.21514831542968765, -0.4571207275390626, -0.5916392822265626]], "r": [1.0494467880763934, 2.6164365077357497, -2.074793479979205, 1.9272313792369036, 1.6314785297578416, 0.9345530568523749, 4.6708362784883715]}, "19": {"h": [[-0.0, -0.07537837982177734, 0.021483341217041013, 0.21298743057250974], [0.0, 0.8265, 0.7675205688476563, 0.7713200225830079], [0.0, -0.2130777587890625, -0.48369165039062506, -0.6867572021484374]], "r": [0.8701970223816828, 2.6542090791017405, -1.6895948545809834, 1.8580202652479318, 1.7133877096147758, 1.2414138689766463, 0.8611633337289188]}, "20": {"h": [[-0.0, -0.07769996643066407, 0.004156410217285154, 0.12563446426391603], [0.0, 0.8265, 0.7756930847167969, 0.7616818695068359], [0.0, -0.20964379882812484, -0.4756951904296874, -0.7180089111328123]], "r": [0.8690958242913094, 2.6414795209450634, -1.6088493820191858, 2.0059397619914545, 1.9263531066854018, 1.3522159038609955, -1.2634170581743815]}, "21": {"h": [[-0.0, -0.07756466674804688, -0.011483306884765627, 0.02111792755126953], [0.0, 0.8265, 0.7785147705078125, 0.7481553649902344], [0.0, -0.20791357421874995, -0.471781982421875, -0.743255615234375]], "r": [1.1724505525566236, 2.6296455877804052, -1.7389622719541187, 1.7162046935640278, 1.5345066986426357, 1.3029261760403232, -2.9617343847358204]},