{"count": 9, "poses_seq": {"0": {"h": [[-0.0, -0.06704294013977051, -0.09971732521057129, 0.0673026180267334], [0.0, 0.8265, 0.5626116638183594, 0.5325633068084716], [0.0, -0.18974572753906244, -0.3016817626953126, -0.5152952880859374]], "r": [-4.349477386280894, 0.9903375915064342, 0.2845515464698409, 1.7277507631783593, 3.5372644479479693, 1.3930990353161188, 2.130914845785795]}, "1": {"h": [[-0.0, -0.07595267486572266, -0.15484151458740233, -0.08395551300048829], [0.0, 0.8265, 0.545742401123047, 0.5042195701599121], [0.0, -0.18884753417968764, -0.25934155273437504, -0.5200606689453124]], "r": [1.7562452054648425, 0.8061317827394079, -0.08658849489045164, 1.7692053360651812, -2.9620131848024958, 1.3689046038545802, 2.639184495525896]}, "2": {"h": [[-0.0, -0.07670569610595704, -0.2170599365234375, -0.22501324462890623], [0.0, 0.8265, 0.5442530517578126, 0.49092760467529295], [0.0, -0.19429772949218754, -0.25153625488281267, -0.52256689453125]], "r": [1.9892294775365666, 0.7698758234213063, -0.2591168376805265, 1.7699315884617874, -2.754435421881278, 1.3900143725568048, 3.5579225739271028]}, "3": {"h": [[-0.0, -0.07350653076171876, -0.27429469680786134, -0.35660969924926755], [0.0, 0.8265, 0.6054598083496093, 0.5807416381835937], [0.0, -0.1941890869140624, -0.2554710693359375, -0.5178267822265623]], "r": [2.1505940372972425, 0.9968381146029756, -0.2252376092095996, 2.0131474553024464, -2.8403327188460246, 1.3399968572510392, -4.7130738256970925]}, "4": {"h": [[-0.0, -0.061323629379272465, -0.22273452377319336, -0.2688617515563965], [0.0, 0.8265, 0.6953641662597656, 0.8340247802734375], [0.0, -0.19677160644531272, -0.3563671875000001, -0.585084228515625]], "r": [2.0822262907937525, 1.366371937542052, -0.15148646726920323, 2.162146656478686, -2.7262194329628975, 1.5687609019389204, 4.036865190983356]}, "5": {"h": [[-0.0, -0.05694017028808594, -0.1368139533996582, -0.09354786300659179], [0.0, 0.8265, 0.7156756591796876, 0.9198343200683594], [0.0, -0.19692712402343765, -0.4072191162109376, -0.58524560546875]], "r": [2.0240838980151876, 1.4523442789432577, -0.027089087164805736, 1.9742022069723044, -2.551554431541038, 1.7951943460858806, -0.8713664989009303]}, "6": {"h": [[-0.0, -0.06279629707336426, -0.06548496341705322, 0.04804616546630859], [0.0, 0.8265, 0.7142000274658203, 0.92210693359375], [0.0, -0.2030151367187501, -0.41339648437500004, -0.5511751708984374]], "r": [2.087718343596985, 1.648670090565503, 0.20790888153686576, 1.9948438008737361, -2.509886310931707, 1.6992486482365787, -0.40127827759466]}, "7": {"h": [[-0.0, -0.05697345733642578, -0.00930075836181641, 0.1842274169921875], [0.0, 0.8265, 0.6823661804199219, 0.853542724609375], [0.0, -0.2016968994140625, -0.4012977294921876, -0.4950177001953125]], "r": [1.7921008870057051, 1.5463357131384796, -0.02000079221696553, 1.688369957952763, -2.1350085844643605, 1.6190477148172093, -1.6867859015468267]}, "8": {"h": [[-0.0, -0.052959426879882816, 0.018195854187011716, 0.2687746238708496], [0.0, 0.8265, 0.6535075378417969, 0.7609097747802734], [0.0, -0.20166027832031258, -0.37643981933593756, -0.41414758300781257]], "r": [1.6680197254387354, 1.2689131648582268, 0.08929109088224724, 1.3799912691535823, -2.23577498316089, 1.8782715877663978, -2.5653737755388915]}}, "id": 18}