{"count": 11, "poses_seq": {"0": {"h": [[-0.0, -0.06213551902770996, -0.16532882118225098, -0.03940762519836426], [0.0, 0.8265, 0.5759737548828125, 0.5041719284057617], [0.0, -0.19256091308593765, -0.2778272705078127, -0.5073172607421876]], "r": [-2.2918151865094716, 4.468462134225821, -2.6134634640287753, 5.253095718236597, 1.2586482758423687, 1.030151572952123, 1.380992281413698]}, "1": {"h": [[-0.0, -0.06609017944335938, -0.22387900161743163, -0.17180580520629885], [0.0, 0.8265, 0.5777947082519532, 0.5227035713195801], [0.0, -0.19381652832031243, -0.2663150634765626, -0.5298970947265624]], "r": [-2.1368243215902183, 4.414054754426838, -2.5727666707392203, 5.3173778320634195, 1.413386787385141, 1.1745636120817524, 2.967371321774146]}, "2": {"h": [[-0.0, -0.0683829803466797, -0.2836020011901856, -0.3109209709167481], [0.0, 0.8265, 0.6143860626220703, 0.5833440246582031], [0.0, -0.19211523437499994, -0.27632580566406256, -0.5479947509765624]], "r": [-1.836617200266857, 4.359788484376268, -2.497715138890153, 5.121439942409404, 1.5507272747052883, 1.0960853555510277, 4.570497908852821]}, "3": {"h": [[-0.0, -0.06866448974609375, -0.28829671478271485, -0.3901259384155274], [0.0, 0.8265, 0.6405614318847657, 0.6386798553466797], [0.0, -0.19073925781250006, -0.28304028320312496, -0.5356862792968751]], "r": [-1.7087067092074362, 4.427331232189535, -2.2631521180201544, 5.0251639691088394, 1.6413744420666476, 1.1600721045328317, 1.166181262531234]}, "4": {"h": [[-0.0, -0.06736341094970702, -0.2980649528503418, -0.45896378707885743], [0.0, 0.8265, 0.6833175506591798, 0.7669888305664063], [0.0, -0.19500463867187495, -0.31597412109374995, -0.5263062744140625]], "r": [-1.613667666661197, 4.190589408856067, -2.312309851507346, 4.699122438457038, 1.6373095812975595, 1.1916631632507106, -1.3730254573175984]}, "5": {"h": [[-0.0, -0.06501621055603027, -0.25254691886901853, -0.3080517406463623], [0.0, 0.8265, 0.7378125610351562, 0.9407269592285157], [0.0, -0.19255004882812493, -0.3591895751953125, -0.53585693359375]], "r": [-2.0006664620787533, 3.882769246307894, -2.1909074176706462, 4.502838517477371, 1.5566580813577233, 1.3366274139807968, -0.6104939624280402]}, "6": {"h": [[-0.0, -0.06666492462158202, -0.22371929931640624, -0.2165027313232422], [0.0, 0.8265, 0.7373255310058594, 0.95908935546875], [0.0, -0.1851351318359376, -0.3728608398437499, -0.5347990722656248]], "r": [-1.775864751149281, 4.044585790604708, -2.1973351817011535, 4.24817295618213, 1.7790252865556346, 0.9454308787430753, -2.7817038378061403]}, "7": {"h": [[-0.0, -0.0653390884399414, -0.16621770858764648, -0.09194372940063478], [0.0, 0.8265, 0.732714324951172, 0.9601578063964844], [0.0, -0.18285742187500015, -0.3950008544921875, -0.5311561279296875]], "r": [-2.080675028640735, 3.8833186202754955, -2.4211356768069776, 3.9386924108430406, 1.5066521233056973, 0.9132500260965503, -0.9565941801953844]}, "8": {"h": [[-0.0, -0.07073052215576171, -0.10439570617675781, 0.04314566040039063], [0.0, 0.8265, 0.7362587585449218, 0.94273583984375], [0.0, -0.1972886962890626, -0.4142474365234377, -0.5255194091796875]], "r": [-2.418395511069192, 3.6907109100511755, -2.676643978830913, 4.070132526214541, 1.4736764072585062, 0.9444508315497463, -3.878350785805163]}, "9": {"h": [[-0.0, -0.07084220886230469, -0.04948955917358398, 0.16468339538574217], [0.0, 0.8265, 0.7021886901855469, 0.8596578674316406], [0.0, -0.20282653808593737, -0.41057275390624987, -0.48337292480468746]], "r": [-2.6951896201898853, 3.5896315681927105, -2.8230113832552597, 4.435812340358402, 1.4062386628490624, 0.944268855648058, 4.703415748076449]}, "10": {"h": [[-0.0, -0.05620387268066406, -0.04260175704956055, 0.2240652313232422], [0.0, 0.8265, 0.6043306274414062, 0.5949359207153321], [0.0, -0.20547058105468757, -0.356253173828125, -0.42983959960937496]], "r": [-2.657027347109925, 3.921350471505941, -3.0191737014152933, 4.818796326165316, 1.0473153031861606, 0.8261634859210191, -4.35650638178777]}}, "id": 24}