{"count": 9, "poses_seq": {"0": {"h": [[-0.0, -0.06997315216064454, -0.2650433502197266, -0.21605926513671875], [0.0, 0.8265, 0.6018492889404297, 0.4875637283325196], [0.0, -0.19741979980468743, -0.27582165527343744, -0.5175103759765622]], "r": [2.873508345408353, 1.0228455501102283, 0.634172896999577, 1.454329460872565, -2.488245992398575, 1.6985092604418133, -1.9130715087800523]}, "1": {"h": [[-0.0, -0.07300279235839843, -0.3130131645202637, -0.35911314010620116], [0.0, 0.8265, 0.6448925018310547, 0.5790692749023438], [0.0, -0.19192614746093756, -0.2817542724609375, -0.5436878662109375]], "r": [3.0490740756954406, 1.1968994216437212, 0.8038807428294097, 1.6756643065662875, -2.746682711497646, 1.8109373609344508, -0.7076376357131874]}, "2": {"h": [[-0.0, -0.073480712890625, -0.293884033203125, -0.39270974731445313], [0.0, 0.8265, 0.7043084716796875, 0.7718992004394531], [0.0, -0.19509729003906245, -0.32388256835937496, -0.5693189697265624]], "r": [2.917951804258497, 1.2560339903278386, 0.7449472820555278, 1.705121937511838, -3.112603651546666, 2.1750102062911285, -2.9227236886880155]}, "3": {"h": [[-0.0, -0.07026829528808594, -0.23377177047729492, -0.255634334564209], [0.0, 0.8265, 0.7267655639648437, 0.8956197814941407], [0.0, -0.189363525390625, -0.37811010742187495, -0.59032958984375]], "r": [2.8521425892628187, 1.5957249513180405, 0.7942073883631501, 1.8105729912158084, -3.12108674587805, 2.1407593604462063, -5.424537770356175]}, "4": {"h": [[-0.0, -0.06586946105957031, -0.1619422187805176, -0.09682915115356446], [0.0, 0.8265, 0.7286153564453125, 0.935174041748047], [0.0, -0.1851307373046876, -0.40208264160156243, -0.5709388427734374]], "r": [2.6567785406501576, 1.8438485551915111, 0.6640949297329543, 2.0047607671265784, -2.8313287543799146, 1.8241816729986708, 3.8892246883390142]}, "5": {"h": [[-0.0, -0.07983222961425782, -0.10241192626953124, 0.03503074645996094], [0.0, 0.8265, 0.7164198913574219, 0.918113525390625], [0.0, -0.17938549804687504, -0.40290771484375015, -0.5322336425781249]], "r": [2.458847581901325, 1.795894517517444, 0.4885744063444512, 1.8273861369781645, -2.584416807706795, 1.869549614360424, -0.7051691223116219]}, "6": {"h": [[-0.0, -0.06908092498779297, -0.053730171203613286, 0.15219583892822267], [0.0, 0.8265, 0.6972912139892579, 0.8572439575195313], [0.0, -0.1911083984375, -0.39904614257812493, -0.4884608154296875]], "r": [2.168280294859841, 1.872741713235948, 0.5683985666414672, 2.005474051853249, -2.6938096890368475, 1.520778782628324, -3.7347812914960064]}, "7": {"h": [[-0.0, -0.05931790924072266, -0.038186874389648434, 0.23092400741577152], [0.0, 0.8265, 0.6237264709472656, 0.632787109375], [0.0, -0.19277648925781238, -0.3643468017578125, -0.4303619384765625]], "r": [1.8912573341217769, 1.582116626398009, 0.7500637952486731, 1.8351681280046204, -2.829177546290578, 1.293674221354657, 0.38640521831027796]}, "8": {"h": [[-0.0, -0.05256493186950684, -0.08793917655944823, 0.143964937210083], [0.0, 0.8265, 0.5820309143066407, 0.5272042999267579], [0.0, -0.19512121582031267, -0.3277092285156252, -0.46710644531250006]], "r": [1.9276720914433843, 1.279090630528772, 0.6764720306873956, 1.8113146597898042, -2.8595629810026675, 1.180981953919749, 1.9820235211244457]}}, "id": 20}