{"count": 10, "poses_seq": {"0": {"h": [[-0.0, -0.05511477470397949, -0.057222848892211915, 0.129744836807251], [0.0, 0.8265, 0.5707286224365234, 0.5215896301269531], [0.0, -0.18481787109375009, -0.3378112792968751, -0.532635009765625]], "r": [-1.5030612647740327, 3.8960361176557208, 0.3318442407784289, 1.693804246989857, 2.1892303612836654, 0.8780739429281501, 0.8205996963682419]}, "1": {"h": [[-0.0, -0.048725935935974116, -0.024604201316833496, 0.22577557468414308], [0.0, 0.8265, 0.6079490814208984, 0.5807928085327148], [0.0, -0.18509082031249996, -0.3652646484375, -0.48312438964843746]], "r": [-1.7738429112703304, 3.6911274002591816, 0.5073615138528141, 1.6256601292008528, 2.1502022698148933, 0.9714112923612105, -0.9853023307587625]}, "2": {"h": [[-0.0, -0.06203445625305176, -0.0062178821563720725, 0.26759455108642577], [0.0, 0.8265, 0.6719953918457031, 0.6947822723388671], [0.0, -0.1938570556640627, -0.39659436035156254, -0.43892126464843756]], "r": [-1.912442320543299, 3.7547033679418758, 0.5954443223834923, 1.641395119045076, 1.8040079136965188, 0.6021698135524801, 1.2722959381861558]}, "3": {"h": [[-0.0, -0.07584692192077637, -0.09095723724365234, 0.13509445190429686], [0.0, 0.8265, 0.7692659912109375, 0.9181628112792969], [0.0, -0.19361206054687502, -0.4153380126953124, -0.47759521484374995]], "r": [-1.8195025480588332, 3.412895764994315, 0.9851026617435983, 1.8816877385797421, 1.4693202406283807, 0.8498916663708384, -0.986548962443595]}, "4": {"h": [[-0.0, -0.07391232299804687, -0.15454984664916993, 0.005486545562744138], [0.0, 0.8265, 0.7893695678710938, 0.9907991943359375], [0.0, -0.18220849609374984, -0.41590759277343753, -0.5167530517578123]], "r": [-2.033350779214784, 3.2317441287649693, 1.3348177321722292, 2.1125020151872826, 1.862014974519857, 1.2085437775079753, -0.9168925103198068]}, "5": {"h": [[-0.0, -0.0745051498413086, -0.21448483657836914, -0.11062178421020508], [0.0, 0.8265, 0.7746324920654297, 0.9915847778320314], [0.0, -0.18342053222656257, -0.3872944335937501, -0.5213404541015625]], "r": [-1.8707554247043412, 3.2377100471991844, 1.3936768783098827, 2.064137298287612, 1.8211231311740166, 1.2500749186208255, -1.1211852695200615]}, "6": {"h": [[-0.0, -0.07820999145507812, -0.2504372100830078, -0.2115899200439453], [0.0, 0.8265, 0.7683200378417969, 0.9859732971191406], [0.0, -0.18314587402343757, -0.3697598876953126, -0.5295329589843751]], "r": [-1.6221194728588526, 3.375035417486888, 1.5040406631158587, 2.210882533508302, 1.7261426500276604, 1.1421046378149184, -1.6425278406358903]}, "7": {"h": [[-0.0, -0.06911691284179688, -0.2802974853515625, -0.31635025024414065], [0.0, 0.8265, 0.7767899627685546, 0.9866505126953125], [0.0, -0.18640588378906237, -0.3522430419921874, -0.5239847412109373]], "r": [-1.6183833961383827, 3.479068958921721, 1.7782765009842565, 2.392909293355505, 1.8589382124795915, 1.1687071319038282, -2.895939305053266]}, "8": {"h": [[-0.0, -0.07697405242919922, -0.2982538833618164, -0.4242618789672852], [0.0, 0.8265, 0.7477689971923828, 0.9200579223632812], [0.0, -0.18182312011718765, -0.34059643554687496, -0.5186651611328126]], "r": [-1.367142516301095, 3.706742841001004, 1.9949713591462226, 2.6242121696786747, 1.8195882226859408, 1.0129987216105079, -2.2938646009362293]}, "9": {"h": [[-0.0, -0.07521391868591308, -0.32676582908630375, -0.5309930934906006], [0.0, 0.8265, 0.7231527709960938, 0.8258179321289063], [0.0, -0.18283947753906254, -0.34288806152343737, -0.5051068115234374]], "r": [-1.0207496777428267, 3.8548779562447852, 1.703926943494453, 2.9891520771274687, 1.9969991379573708, 0.8509877228432935, -0.5566040248086254]}}, "id": 10}