{"count": 13, "poses_seq": {"0": {"h": [[-0.0, -0.0729798526763916, -0.28451574134826657, -0.2805069065093994], [0.0, 0.8265, 0.6616384582519532, 0.6615042572021484], [0.0, -0.19787854003906263, -0.2702034912109375, -0.5415103759765625]], "r": [-2.313174322433384, 4.961777182065035, -0.8326698368625294, 5.246810397648999, 1.895212483066347, 3.647221568829107, 1.589137878102669]}, "1": {"h": [[-0.0, -0.07739797401428222, -0.3097405948638916, -0.4206070804595947], [0.0, 0.8265, 0.6596307373046876, 0.666782943725586], [0.0, -0.19322143554687493, -0.253796875, -0.5018663330078124]], "r": [-1.9821388049820474, 4.942423178505795, -0.692408074257139, 5.151842718009312, 1.8192785872030455, 3.9028719244350794, -0.1159419868078837]}, "2": {"h": [[-0.0, -0.07765716552734375, -0.35011165618896484, -0.5693229598999023], [0.0, 0.8265, 0.678710464477539, 0.6747770538330078], [0.0, -0.19268457031250003, -0.25632531738281245, -0.42875512695312495]], "r": [-1.9305626338493944, 4.633771486939653, -1.020039798669365, 5.132179387966706, 1.919021274814724, 3.588750149353934, 1.9815482132771733]}, "3": {"h": [[-0.0, -0.07900089263916016, -0.35394524002075195, -0.6390378608703613], [0.0, 0.8265, 0.6830547790527344, 0.6548636474609375], [0.0, -0.19246484375000011, -0.2518209228515625, -0.3677659912109375]], "r": [-1.8931537215112282, 4.301557391553039, -1.1133955065129755, 5.209417303022115, 1.5428892404032162, 3.639153488267305, 1.2565368742254126]}, "4": {"h": [[-0.0, -0.07476570892333985, -0.30918180084228514, -0.5515342178344727], [0.0, 0.8265, 0.6508958129882811, 0.634822296142578], [0.0, -0.19378894042968758, -0.26056457519531256, -0.44473156738281255]], "r": [-2.026780861736361, 4.115567457710262, -1.070156201852096, 5.071696571810327, 1.9325400294698825, 3.9331216266737443, -0.9485676425694591]}, "5": {"h": [[-0.0, -0.07321952056884766, -0.26960052871704104, -0.41750073623657225], [0.0, 0.8265, 0.6346228485107422, 0.6349644165039063], [0.0, -0.19461669921874997, -0.2612124023437499, -0.5193209228515623]], "r": [-2.2526238290368275, 3.957675319852264, -1.1176449686689804, 4.897511282117024, 2.3147815235821954, 4.115999112621054, 1.5466594799350193]}, "6": {"h": [[-0.0, -0.07423345947265625, -0.2711548652648926, -0.30292140579223636], [0.0, 0.8265, 0.6246848602294922, 0.6311641311645508], [0.0, -0.19530432128906244, -0.2684970703125001, -0.5535969238281249]], "r": [-2.363727159783634, 4.313858970629585, -0.9190538898490743, 4.952605283334319, 2.218994411316372, 4.208652553393476, -0.6531425927201036]}, "7": {"h": [[-0.0, -0.07240739440917969, -0.19921550369262697, -0.13597861862182617], [0.0, 0.8265, 0.6228072662353517, 0.6301063995361329], [0.0, -0.19309326171875002, -0.27953881835937505, -0.5497431640625001]], "r": [-2.6258708272342735, 4.495030932811433, -0.7444719961032523, 5.0808024426283485, 2.1050008037137693, 4.197947250730014, -1.023760438768655]}, "8": {"h": [[-0.0, -0.06634367942810059, -0.1498103847503662, 0.00023864173889160192], [0.0, 0.8265, 0.6107760772705079, 0.6362866592407227], [0.0, -0.20327148437499992, -0.3220500488281251, -0.5480560302734374]], "r": [-2.8957080385287672, 4.25268672311393, -0.8652981006385807, 4.877695133277363, 2.4067017943566085, 4.376175204846368, -0.32057457268211265]}, "9": {"h": [[-0.0, -0.05976835441589355, -0.07447501945495606, 0.15485473823547363], [0.0, 0.8265, 0.6011003112792969, 0.6203654327392578], [0.0, -0.1903646240234374, -0.34251708984375, -0.4890494384765625]], "r": [-2.8828503905957668, 4.601498759424522, -0.5033151582392599, 4.86124719265735, 2.2144500931291287, 4.766152049322014, -3.0753834618640843]}, "10": {"h": [[-0.0, -0.060309110641479494, -0.028592565536499026, 0.23689019584655763], [0.0, 0.8265, 0.6069429473876953, 0.6331805114746094], [0.0, -0.197129150390625, -0.350196533203125, -0.4242840576171874]], "r": [-3.0354769785636773, 4.394466054339562, -0.6172196043219025, 4.676294354156799, 2.3495055719459597, 4.999109774517931, -0.6789736451665804]}, "11": {"h": [[-0.0, -0.06008367156982422, 0.0404341697692871, 0.3211948051452637], [0.0, 0.8265, 0.6209931945800782, 0.64766259765625], [0.0, -0.19369641113281238, -0.34335107421874983, -0.33126013183593744]], "r": [-3.080320287716769, 4.766350985764975, -0.2898512830962914, 4.66828647574815, 2.4339823955700135, 4.999139604984598, -0.4520360950837084]}, "12": {"h": [[-0.0, -0.06250823783874511, -0.036043834686279294, 0.2387488651275635], [0.0, 0.8265, 0.5908713836669922, 0.6021595230102539], [0.0, -0.1853216552734374, -0.3231074218749999, -0.41636560058593736]], "r": [-2.848842858104511, 4.410155540607787, -0.37993368363863816, 4.927352506999175, 2.041182844215475, 5.274470978481926, -3.3962016125355223]}}, "id": 17}