{"count": 11, "poses_seq": {"0": {"h": [[-0.0, -0.05618826246261596, 0.0971949920654297, 0.3424252014160156], [0.0, 0.8265, 0.6006456298828126, 0.4709017181396485], [0.0, -0.20055541992187492, -0.35037182617187496, -0.464872802734375]], "r": [-2.102840365747605, 3.6188893138765477, 2.098010535428828, 5.204074303915139, 1.263418500036223, 1.4065002227845387, 0.9464543499913199]}, "1": {"h": [[-0.0, -0.052074506759643556, 0.13522007751464843, 0.41767239379882815], [0.0, 0.8265, 0.6490362854003906, 0.5663960876464844], [0.0, -0.20787536621093744, -0.3546182861328125, -0.40713134765625]], "r": [-1.9873048651648961, 3.5053296092565227, 1.7983073093205464, 5.169348091723544, 1.3196146404484883, 1.4146997835498447, -0.3954388659454574]}, "2": {"h": [[-0.0, -0.06003984832763672, 0.11510079956054686, 0.3911803894042969], [0.0, 0.8265, 0.7726097717285156, 0.8129170227050782], [0.0, -0.22158361816406252, -0.41531408691406263, -0.44150219726562506]], "r": [-1.9373115147799402, 3.3012090080341756, 1.9100029594659007, 4.842039380444384, 1.4652557563362079, 1.3622154469819918, 1.4965647028794788]}, "3": {"h": [[-0.0, -0.07115436458587647, 0.03186865234374999, 0.27364013671875], [0.0, 0.8265, 0.7962554931640625, 0.8869884948730469], [0.0, -0.21003381347656253, -0.463956298828125, -0.5680389404296875]], "r": [-1.8832971482896532, 3.4976709338806464, 2.009871252001723, 4.657509605888464, 1.8098944805069228, 1.0609468911731905, 4.600534238458233]}, "4": {"h": [[-0.0, -0.07903303527832031, -0.05987314605712891, 0.12770406341552734], [0.0, 0.8265, 0.8022689208984375, 0.9208674926757813], [0.0, -0.2088446044921875, -0.47387414550781265, -0.6361298828124999]], "r": [-1.5804173150870002, 3.5196574905042097, 1.9673827593070567, 4.706455561438634, 2.0158724533643757, 1.0965281848203867, -1.6464871186972272]}, "5": {"h": [[-0.0, -0.08870779418945313, -0.14653398895263672, -0.013721977233886719], [0.0, 0.8265, 0.7577576293945312, 0.8901952819824219], [0.0, -0.15675146484375008, -0.4340767822265626, -0.6336151123046876]], "r": [-1.621539497547832, 3.675259413443153, 2.194410471324595, 4.38344369243209, 1.9856726527071153, 0.7921512376613451, -1.642961760315316]}, "6": {"h": [[-0.0, -0.08156517791748047, -0.20757289886474609, -0.15563574981689454], [0.0, 0.8265, 0.7845955657958985, 0.9298465576171875], [0.0, -0.1822576904296876, -0.42191101074218756, -0.6467833251953126]], "r": [-1.5038078576121912, 3.679877940487503, 2.366644024327404, 4.269286386015274, 2.0611379136784413, 0.9091294766523069, -2.127334540913701]}, "7": {"h": [[-0.0, -0.08494522094726563, -0.24795423507690428, -0.26239904403686526], [0.0, 0.8265, 0.7738146362304688, 0.9242263793945313], [0.0, -0.1807635498046874, -0.3863453369140624, -0.6119359130859374]], "r": [-1.3635026323766313, 3.732511492796337, 2.356021756338465, 4.121261164736971, 2.1038982595131293, 0.8692632794040156, -2.2560630920323397]}, "8": {"h": [[-0.0, -0.0877790298461914, -0.2814552917480469, -0.36066949462890624], [0.0, 0.8265, 0.7633388061523437, 0.9156608276367187], [0.0, -0.17893823242187495, -0.3663920898437501, -0.5804797363281249]], "r": [-1.2368369533256767, 3.8186606675818036, 2.1147410432756564, 3.738902265981523, 2.187980565887074, 0.8183155049784991, -0.5110141256276423]}, "9": {"h": [[-0.0, -0.08099826812744142, -0.3095829467773437, -0.46588375854492187], [0.0, 0.8265, 0.7597840576171875, 0.8915135192871094], [0.0, -0.17552038574218748, -0.34416259765624996, -0.5335704345703125]], "r": [-1.0579758015406793, 3.8330931983360963, 2.3446253007644917, 4.006794028709694, 2.1111578056514704, 0.8238851846797759, -3.217721220983468]}, "10": {"h": [[-0.0, -0.07652061748504639, -0.34494910717010496, -0.5678757734298706], [0.0, 0.8265, 0.7448213958740235, 0.8424931640625], [0.0, -0.17592358398437496, -0.3225068359375001, -0.46842260742187497]], "r": [-0.9138134277500192, 4.078816601365831, 2.446300552092629, 3.824699299977939, 2.4536979043883815, 0.6660305846168726, 1.5775967119086531]}}, "id": 15}