{"count": 16, "poses_seq": {"0": {"h": [[-0.0, -0.035600341796875004, -0.06574796295166016, 0.2038063507080078], [0.0, 0.8265, 0.6028118743896484, 0.6682224731445312], [0.0, -0.16868310546875015, -0.30241723632812506, -0.4500501708984375]], "r": [-2.555152659245161, 4.186197750100865, 0.6084627202533733, 1.0171099076314052, 1.5135565747192488, 5.575258344079151, 2.056177139942445]}, "1": {"h": [[-0.0, -0.05100711059570313, -0.09400163269042969, 0.05651277160644531], [0.0, 0.8265, 0.679896240234375, 0.9330793151855469], [0.0, -0.17062438964843746, -0.34221435546874984, -0.4624298095703124]], "r": [-2.4957232937314453, 3.8088572867434736, 0.9350814436919206, 1.3695245072393363, 1.8814184064233301, 5.387087702712656, 3.6220607599188908]}, "2": {"h": [[-0.0, -0.06744190883636475, -0.11358130550384521, -0.05843297100067139], [0.0, 0.8265, 0.6699325408935547, 0.9358439331054687], [0.0, -0.17070239257812508, -0.34890368652343745, -0.491793701171875]], "r": [-2.3530031211648943, 3.835121000103243, 1.0271438270438122, 1.3446673009856815, 1.8705115807059736, 5.227692924504295, -4.699475987220095]}, "3": {"h": [[-0.0, -0.06854899787902832, -0.1430192584991455, -0.1544953022003174], [0.0, 0.8265, 0.6329416503906251, 0.8690079040527344], [0.0, -0.18192028808593746, -0.32567431640624994, -0.5054693603515623]], "r": [-2.1504881824607165, 3.87362603549054, 0.8722147943391331, 1.6927621121261507, 1.4724956512804208, 5.2088165628330305, 3.6098215532283517]}, "4": {"h": [[-0.0, -0.05271276664733887, -0.11189133644104005, -0.10901235389709472], [0.0, 0.8265, 0.6019022369384766, 0.607492546081543], [0.0, -0.18071679687499992, -0.24748120117187505, -0.5624049072265624]], "r": [-2.26355273840112, 4.027346458323614, 0.693739037009824, 1.5759844239963763, 1.0820596701498093, 5.02275661297325, -1.3111549631035528]}, "5": {"h": [[-0.0, -0.05901793670654297, -0.003854156494140625, 0.10968943405151368], [0.0, 0.8265, 0.5752172241210938, 0.5665619812011718], [0.0, -0.18331652832031248, -0.322899658203125, -0.5729145507812501]], "r": [-2.3523168270343446, 4.136906275273631, 0.4580816778374706, 1.8613896993613879, 1.0115450779333344, 5.373356452132096, -3.2329313256941683]}, "6": {"h": [[-0.0, -0.06026962852478027, -0.00018631172180175876, 0.17674681282043458], [0.0, 0.8265, 0.5947390594482422, 0.5999412384033203], [0.0, -0.18565588378906256, -0.33639038085937517, -0.5450151367187499]], "r": [-2.4716507285875347, 4.163817611387597, 0.5360797021792795, 1.8532785466480417, 1.092167128070214, 5.436262120496536, 1.4570984955486814]}, "7": {"h": [[-0.0, -0.0623990478515625, 0.02761052703857422, 0.2582181167602539], [0.0, 0.8265, 0.6346901245117188, 0.6710053405761719], [0.0, -0.19087561035156259, -0.36788122558593744, -0.5162342529296875]], "r": [-2.8361568797051318, 4.20849218291055, 0.8716196221857968, 1.6107873156534738, 1.2396960406121584, 5.161597901269742, 0.137466595467186]}, "8": {"h": [[-0.0, -0.07373747253417968, 0.0013923797607421837, 0.22475628280639645], [0.0, 0.8265, 0.7175374755859376, 0.8558728942871094], [0.0, -0.19285021972656252, -0.40542431640624993, -0.4909230957031248]], "r": [-3.1286168967209265, 3.843615349031488, 1.1023138518374132, 1.673809507258939, 1.2785398847741047, 4.8963666588866035, -1.16153289169441]}, "9": {"h": [[-0.0, -0.08182587432861328, -0.09584611129760742, 0.03732318878173828], [0.0, 0.8265, 0.7166347656250001, 0.9367913513183594], [0.0, -0.1320041503906249, -0.38076025390625007, -0.4871088867187499]], "r": [-2.733926995363451, 3.68579617062002, 1.0207891819229833, 2.0177552400757532, 1.1744666331665217, 5.118729199766307, 1.8017272447560244]}, "10": {"h": [[-0.0, -0.07797965049743652, -0.16666506004333498, -0.09276895713806152], [0.0, 0.8265, 0.7356908416748047, 0.9657098388671874], [0.0, -0.17898999023437506, -0.39154418945312514, -0.52711279296875]], "r": [-2.720554278575177, 3.419536365796236, 0.8979447112897692, 1.7043828294459173, 1.4937965851197477, 4.852428730456059, -1.2610775259688582]}, "11": {"h": [[-0.0, -0.0789572525024414, -0.21076285552978516, -0.20260944366455078], [0.0, 0.8265, 0.7187372436523438, 0.9430226135253907], [0.0, -0.18631091308593756, -0.373296142578125, -0.5337728271484374]], "r": [-2.361299936743956, 3.7155871698372187, 1.0841772095512894, 1.8677132649129762, 1.2951771787429696, 4.819844073464089, -0.12482929546532362]}, "12": {"h": [[-0.0, -0.08726541328430176, -0.26084332466125487, -0.3414933032989502], [0.0, 0.8265, 0.7076183471679687, 0.9067809753417968], [0.0, -0.17643041992187497, -0.35890380859375, -0.5310063476562499]], "r": [-1.9678132987545236, 4.094083839149128, 1.2777561286067793, 1.7538405430360027, 1.375141632639508, 4.753298574217922, -1.383257531254232]}, "13": {"h": [[-0.0, -0.07724507427215577, -0.2666033811569214, -0.429897234916687], [0.0, 0.8265, 0.6671348724365235, 0.8045483703613281], [0.0, -0.18021386718749982, -0.3510250244140625, -0.5281136474609374]], "r": [-1.965722430621577, 3.808783618592587, 0.9747785808450441, 1.7221843338594374, 1.1668194960924496, 4.640491747651491, -3.1208886785483525]}, "14": {"h": [[-0.0, -0.07521110534667969, -0.21030816650390624, -0.350673095703125], [0.0, 0.8265, 0.5616630249023438, 0.5348726654052735], [0.0, -0.17649133300781267, -0.3017023925781251, -0.5365789794921876]], "r": [-1.9831201168653223, 3.9748237229617125, 0.7402308633448967, 1.5007182906512446, 0.9624638696890759, 4.652745060381752, -2.082312679338506]}, "15": {"h": [[-0.0, -0.07006888008117676, -0.19233221626281738, -0.24233235359191893], [0.0, 0.8265, 0.5424842529296875, 0.4824709396362305], [0.0, -0.18338281249999994, -0.28959521484375, -0.551130126953125]], "r": [-1.9228836889080008, 3.597462002555023, 0.3881109756873296, 1.4284889367321896, 0.7797261475221673, 4.525208393575389, 0.11392744939039146]}}, "id": 0}