{"count": 17, "poses_seq": {"0": {"h": [[-0.0, -0.07735276794433595, -0.19499566268920898, -0.32173585128784177], [0.0, 0.8265, 0.586399154663086, 0.47298316192626955], [0.0, -0.19212011718750005, -0.36407458496093753, -0.6044312744140625]], "r": [0.07385880587439603, 4.691808121104494, 2.0336604296088385, 5.326467147728263, 4.5857169873069195, 2.0121500703050144, 0.6970504230261835]}, "1": {"h": [[-0.0, -0.07379052734375, -0.14398613357543946, -0.20600256729125976], [0.0, 0.8265, 0.5622882385253907, 0.44503224945068365], [0.0, -0.1866424560546876, -0.37100878906250007, -0.6304251708984374]], "r": [-0.007230769145146171, 4.743269116750845, 1.9755864834025836, 5.520716022655844, -1.9785713552492907, 2.14938415560948, 1.9170805343420443]}, "2": {"h": [[-0.0, -0.06534603691101074, -0.05097430992126465, -0.021873142242431642], [0.0, 0.8265, 0.55681884765625, 0.4425756225585938], [0.0, -0.18355371093750011, -0.3805657958984375, -0.644517333984375]], "r": [-0.12110946159891459, 4.431555944351469, 1.8258080713707718, 5.577103684062632, -2.245589070498504, 2.5176577151376565, 1.4839447130606083]}, "3": {"h": [[-0.0, -0.05981954193115234, 0.018598258972167967, 0.1375442771911621], [0.0, 0.8265, 0.5773632507324219, 0.4553920211791992], [0.0, -0.18607421875000002, -0.3880270996093749, -0.6109991455078123]], "r": [-0.35048867750705476, 4.0575842636654595, 1.8149564203514497, 5.624860770394607, -2.3887661315445183, 2.52029670055241, -0.187741267784525]}, "4": {"h": [[-0.0, -0.06470844173431396, 0.05901663589477539, 0.24422325515747068], [0.0, 0.8265, 0.5954661560058594, 0.48374778747558594], [0.0, -0.19490771484374997, -0.38898083496093744, -0.57526806640625]], "r": [-0.5225771208942466, 3.9606840767592044, 1.8886217235769844, 5.578826956439444, -2.098079198955112, 2.457405871575945, 1.7446956676472816]}, "5": {"h": [[-0.0, -0.05299123334884644, 0.12498739624023439, 0.37003646850585936], [0.0, 0.8265, 0.6338754882812501, 0.5515569686889649], [0.0, -0.1998679199218752, -0.37485876464843765, -0.5086968994140626]], "r": [-0.6854007101794503, 3.8299402512652274, 1.8087656326457497, 5.549380070097458, -2.0796065255028857, 2.4126792043112126, 2.2204843128226535]}, "6": {"h": [[-0.0, -0.06091934680938721, 0.09978395080566406, 0.3443471832275391], [0.0, 0.8265, 0.7640678253173829, 0.8117225646972657], [0.0, -0.21799633789062495, -0.43970703125000005, -0.5637749023437499]], "r": [-0.5708167078636032, 3.8100616645611067, 1.5729350088082321, 5.214915043398079, -1.9182219439419392, 2.3122475621133822, 2.008452579784921]}, "7": {"h": [[-0.0, -0.06648383998870849, 0.025773002624511716, 0.22585674285888674], [0.0, 0.8265, 0.7889291076660156, 0.8743574829101564], [0.0, -0.21700988769531243, -0.48311169433593754, -0.6548704833984373]], "r": [-0.42002727691333186, 3.843492365408454, 1.4928788643008961, 5.156586786080726, -2.112946236472478, 2.37883630152182, 3.5591133751878723]}, "8": {"h": [[-0.0, -0.07662058258056641, -0.06717422771453857, 0.07077581405639649], [0.0, 0.8265, 0.7874608154296875, 0.8916204833984376], [0.0, -0.19434448242187502, -0.48112475585937503, -0.6952940673828125]], "r": [-0.30268376036849276, 3.793010882977873, 1.592353745431299, 5.211221820466207, -2.365156958489656, 2.1476074888484393, -2.1886808836129057]}, "9": {"h": [[-0.0, -0.0770017318725586, -0.16292398452758788, -0.10815313720703124], [0.0, 0.8265, 0.7909077758789063, 0.9012822875976563], [0.0, -0.20919348144531252, -0.47945568847656245, -0.7230159912109375]], "r": [-0.07613463378845296, 3.7900239605408084, 1.5620716939935282, 5.154317690015068, -2.447681596421452, 2.254554506673104, -2.586273180751279]}, "10": {"h": [[-0.0, -0.08129668426513673, -0.2282801399230957, -0.2423176612854004], [0.0, 0.8265, 0.7723621063232422, 0.8961698303222656], [0.0, -0.20831311035156258, -0.43675708007812514, -0.6779364013671876]], "r": [-0.09393814148537637, 4.117095034001975, 1.55460680479128, 5.1160260982264125, -2.2719206803332246, 2.07483820008054, 0.2837651236055393]}, "11": {"h": [[-0.0, -0.08333805847167969, -0.2598945960998535, -0.3430051918029785], [0.0, 0.8265, 0.7588265075683593, 0.8716510009765626], [0.0, -0.2020178222656251, -0.42198229980468743, -0.6574161376953125]], "r": [0.23990341335061102, 3.721648992147714, 1.7713223138994392, 5.040770150632452, -2.014708378728078, 2.2273472913573142, -1.4194445971460616]}, "12": {"h": [[-0.0, -0.07855682373046875, -0.307722599029541, -0.4828703651428223], [0.0, 0.8265, 0.7532269592285157, 0.8227451171875001], [0.0, -0.20833056640625008, -0.4107639160156252, -0.6171661376953126]], "r": [0.1475054510482136, 3.8048360095335143, 2.1489302598201556, 4.926701372503781, -1.8252633388293642, 1.9247433441984847, -3.328700878990963]}, "13": {"h": [[-0.0, -0.08351270961761474, -0.31989783382415776, -0.5663377752304077], [0.0, 0.8265, 0.7005586853027344, 0.6906821594238282], [0.0, -0.20403479003906272, -0.37508508300781257, -0.5412460937500001]], "r": [0.34032995472943894, 4.183237749543035, 1.9401138295023106, 5.152854672265242, -1.916682933547968, 2.0401549179246157, 3.3015002958581063]}, "14": {"h": [[-0.0, -0.07997453784942628, -0.24064396381378172, -0.4368690309524536], [0.0, 0.8265, 0.6128111572265625, 0.5006056365966798], [0.0, -0.20460632324218758, -0.3735312499999999, -0.5661932373046874]], "r": [0.2632494163426958, 4.1694210788198784, 2.0810725210670697, 5.4642758695043225, -2.1255337442636852, 2.124060971037603, -0.8954240895258796]}, "15": {"h": [[-0.0, -0.07546699523925782, -0.17699773788452147, -0.30730849838256835], [0.0, 0.8265, 0.5762703247070313, 0.4355460510253907], [0.0, -0.19981982421874994, -0.3693583984375, -0.5972609863281249]], "r": [0.01015619320367063, 4.13607187481959, 2.3727666738011557, 5.446964716978306, -1.8393346944157296, 1.9704371287221867, -0.8511449471327885]}, "16": {"h": [[-0.0, -0.07025782012939452, -0.11455782318115235, -0.1768360366821289], [0.0, 0.8265, 0.5563588562011719, 0.3953921356201172], [0.0, -0.19942480468750007, -0.37427685546874995, -0.619452392578125]], "r": [-0.20189286009406265, 4.361760034035269, 2.3077784528644023, 5.670896918439707, -2.1770778965434747, 1.826458899879451, -1.1823065342542576]}}, "id": 11}