{"count": 9, "poses_seq": {"0": {"h": [[-0.0, -0.0572710189819336, -0.15981417846679688, -0.05433197021484375], [0.0, 0.8265, 0.5688274536132812, 0.4994629211425782], [0.0, -0.19023876953125002, -0.2783776855468752, -0.51771875]], "r": [-1.8592464168614453, 5.181514332785602, -1.250567961835173, 4.576934096282072, 0.7294739479066187, 1.0395880158416244, 0.17720064154360593]}, "1": {"h": [[-0.0, -0.06399533081054687, -0.23589181137084958, -0.20584736251831054], [0.0, 0.8265, 0.5822073211669923, 0.5344398460388183], [0.0, -0.19548937988281262, -0.2770513916015625, -0.546763916015625]], "r": [-1.6716620587237443, 5.077181406029261, -1.558734335023856, 4.704968559407652, 1.0721147146842676, 1.0362630779036055, -0.4550758718558808]}, "2": {"h": [[-0.0, -0.0661829833984375, -0.28020759963989256, -0.3308179206848144], [0.0, 0.8265, 0.614755355834961, 0.5842979431152344], [0.0, -0.1891961669921876, -0.28808435058593745, -0.5560394287109376]], "r": [-1.8474081382724568, 4.679755271469647, -1.9222189444023874, 4.530199433024166, 0.9462692995766615, 1.2883362240355225, -1.148297683982782]}, "3": {"h": [[-0.0, -0.06975327301025391, -0.28455500411987306, -0.4089542350769043], [0.0, 0.8265, 0.6470799713134765, 0.6673052978515626], [0.0, -0.18872009277343743, -0.30207470703125, -0.5435301513671873]], "r": [-1.6919148599519354, 4.458292368629507, -2.1131964720458605, 4.546770182778641, 1.2729303179531293, 1.2183365420005627, 0.12540338700566822]}, "4": {"h": [[-0.0, -0.06850465393066406, -0.2363299903869629, -0.30933522415161135], [0.0, 0.8265, 0.7108691101074219, 0.8877349548339843], [0.0, -0.18667236328124998, -0.36570898437499993, -0.5610747070312498]], "r": [-1.6088983486099457, 4.271272765770565, -2.006085391691138, 4.16325932453127, 1.5741202395891727, 1.0154047551424503, -2.8412276598385815]}, "5": {"h": [[-0.0, -0.07026309967041015, -0.18646624374389648, -0.1738519401550293], [0.0, 0.8265, 0.7233666687011719, 0.9477611083984376], [0.0, -0.17884570312499998, -0.39221691894531246, -0.5494603271484373]], "r": [-1.6181314149215444, 4.298324375184222, -1.6482462507098874, 4.305579099581403, 1.7758563918096648, 0.9382368161084995, -3.5721663132567705]}, "6": {"h": [[-0.0, -0.06741462707519531, -0.1401591262817383, -0.06879562377929688], [0.0, 0.8265, 0.7342254333496094, 0.966494140625], [0.0, -0.19497314453124998, -0.4120853271484373, -0.54237353515625]], "r": [-1.8232569169041626, 4.1477511296298974, -1.9441667204100899, 4.074650072955916, 1.8391845531112374, 0.829957923210929, 3.5503234079590515]}, "7": {"h": [[-0.0, -0.07103570556640625, -0.09591450881958008, 0.0448316764831543], [0.0, 0.8265, 0.7098951110839844, 0.9271753845214844], [0.0, -0.17215673828125017, -0.40063305664062515, -0.4995827636718751]], "r": [-2.183377377241514, 4.001033545647379, -2.25709802508658, 4.028002688753531, 1.6181415848803968, 0.7074663954226149, -4.510704759027267]}, "8": {"h": [[-0.0, -0.06845188903808594, -0.02522904586791992, 0.2098538818359375], [0.0, 0.8265, 0.6862041625976563, 0.8265237731933595], [0.0, -0.18759301757812513, -0.39206811523437507, -0.4361787109375002]], "r": [-2.5637968228808345, 3.958599350120218, -2.458761868328807, 4.2823381345564595, 1.440900388402426, 0.587973362352403, 1.171373193102581]}}, "id": 22}