{"count": 14, "poses_seq": {"0": {"h": [[-0.0, -0.0627464370727539, -0.25970688629150396, -0.4019038162231445], [0.0, 0.8265, 0.6654914245605469, 0.7218601531982423], [0.0, -0.16324572753906247, -0.32089941406249994, -0.562417236328125]], "r": [-0.050669684093344936, 5.154265108163079, -2.5264635125345403, 1.202846318952295, -1.9223139120448474, 2.5946172506129312, 1.4964728385326982]}, "1": {"h": [[-0.0, -0.05217508697509765, -0.21896265411376953, -0.2877199172973633], [0.0, 0.8265, 0.6447891082763673, 0.699482894897461], [0.0, -0.16409643554687509, -0.34907910156250016, -0.6137022705078126]], "r": [-0.01177111786298822, 4.800124105069956, -2.4185036756190414, 1.2021138740176818, -1.840520926232601, 2.3559293137754387, 2.115944320147117]}, "2": {"h": [[-0.0, -0.04036821746826172, -0.14705867767333983, -0.14126064300537108], [0.0, 0.8265, 0.6265534210205078, 0.6679260864257812], [0.0, -0.16569482421874976, -0.3734276123046874, -0.6277640380859373]], "r": [-0.04183357844821036, 4.41141838951521, -2.3143619561622453, 1.1060060110153966, -1.702506863825802, 2.2867111656061687, 2.744103732998899]}, "3": {"h": [[-0.0, -0.042049217224121097, -0.0744832992553711, -0.0042526550292968784], [0.0, 0.8265, 0.6156101226806641, 0.6455013275146484], [0.0, -0.1542420654296877, -0.36084094238281256, -0.6090223388671874]], "r": [-0.23828730017252325, 4.240169248543558, -2.311393482699101, 1.2243635739771235, -1.979905152076501, 2.0866251071516664, 4.984152553564531]}, "4": {"h": [[-0.0, -0.03985974884033204, -0.040768257141113276, 0.10485482025146484], [0.0, 0.8265, 0.6570178833007813, 0.6987597808837891], [0.0, -0.15295996093749992, -0.38830847167968746, -0.5926005859375001]], "r": [-0.29394791805788606, 3.9822840391022765, -2.3554413177402216, 1.1286920679061083, -1.7254513715306352, 2.13397856107681, -4.237585092236766]}, "5": {"h": [[-0.0, -0.05142678833007813, -0.03534153747558594, 0.1449534454345703], [0.0, 0.8265, 0.7644711532592774, 0.8727862701416016], [0.0, -0.16199719238281257, -0.41184936523437493, -0.557135498046875]], "r": [-0.49718651810041037, 4.26557401776818, -2.521485681291953, 1.3845775252948131, -1.9761154291160394, 2.291260858981317, 1.4729371655871373]}, "6": {"h": [[-0.0, -0.05368942260742188, -0.12590702819824218, -0.02470719146728516], [0.0, 0.8265, 0.912199333190918, 1.1146646881103515], [0.0, -0.1614844970703127, -0.38960107421874995, -0.50985595703125]], "r": [-0.3797813610828505, 4.302355607308964, -2.7030571481611427, 1.5162012997919538, -1.7620860626650978, 2.5854423303912717, -1.6536138824960758]}, "7": {"h": [[-0.0, -0.05613216400146484, -0.16432576751708985, -0.12083687591552736], [0.0, 0.8265, 0.8473112926483155, 1.0615996551513671], [0.0, -0.15970544433593742, -0.39668432617187516, -0.533555419921875]], "r": [-0.021418329135724265, 4.0515628640744294, -2.6875890526649995, 1.5026513727717439, -1.57737460476783, 2.202413019231917, 0.2372961637577499]}, "8": {"h": [[-0.0, -0.053949645996093754, -0.22335160827636721, -0.26552732849121097], [0.0, 0.8265, 0.7844196510314941, 0.9656587066650391], [0.0, -0.15373498535156244, -0.38339624023437496, -0.5537573242187499]], "r": [0.1770806093556384, 4.15013779392401, -2.5411383182313494, 1.355128436852006, -1.5091256349271318, 2.290019820058251, 0.020237311055767676]}, "9": {"h": [[-0.0, -0.05057467651367187, -0.2334767303466797, -0.32223695373535155], [0.0, 0.8265, 0.6630350799560547, 0.7187033386230468], [0.0, -0.16318151855468727, -0.37767199707031246, -0.6172150878906248]], "r": [0.053080915868645884, 4.28561121272036, -2.3582013966098576, 1.084775563387539, -1.3012123834906764, 1.971542708722464, -0.1258184764823842]}, "10": {"h": [[-0.0, -0.041256858825683584, -0.1455627975463867, -0.14724266815185547], [0.0, 0.8265, 0.5942358703613281, 0.5306759948730468], [0.0, -0.16704125976562506, -0.3746428222656251, -0.6521296386718751]], "r": [-0.1743073653637534, 4.287068285195165, -2.16962869713916, 0.9642650582897936, -1.4865618299057388, 1.951981576406308, -2.8019586517605037]}, "11": {"h": [[-0.0, -0.03714930725097655, -0.08092936706542968, 0.010598396301269533], [0.0, 0.8265, 0.5912522277832031, 0.48871112060546873], [0.0, -0.1616103515625003, -0.3783760986328127, -0.631072998046875]], "r": [-0.38487478453246393, 4.4507475156869765, -2.214142499144808, 0.7969207274640937, -1.340219864821539, 1.930327865474671, -2.59736605927153]}, "12": {"h": [[-0.0, -0.037518318176269536, -0.022280220031738282, 0.16430245208740235], [0.0, 0.8265, 0.6094970092773437, 0.5349010467529297], [0.0, -0.15968115234375008, -0.3818068847656249, -0.5859531249999999]], "r": [-0.6794293666726038, 4.719090348818914, -2.4193509717027895, 0.7504713045879453, -1.2923924803400937, 1.910424343090243, -4.694277297401261]}, "13": {"h": [[-0.0, -0.04174958038330079, 0.023883277893066407, 0.2709939270019531], [0.0, 0.8265, 0.6772012786865235, 0.6782609100341797], [0.0, -0.16308032226562502, -0.38922412109375, -0.5266513671874999]], "r": [-0.9327206829616329, 4.511795348804688, -2.5331852281962948, 0.7639820619321218, -1.096756298410048, 1.8156264683623078, 3.2579127275586584]}}, "id": 8}